Actual_Risk,Predicted_Risk_Probability,Risk_Score_Percent,Risk_Segment
0,0.036741183359081615,3.67,Moderate Risk
0,0.19699358983688886,19.7,High Risk
0,0.05956220476216456,5.96,Moderate Risk
0,0.3397086413472156,33.97,Very High Risk
0,0.4126035096985069,41.26,Very High Risk
0,0.5835422219431863,58.35,Very High Risk
0,0.03924834611247956,3.92,Moderate Risk
0,0.009224286590868153,0.92,Low Risk
0,0.030014359125528727,3.0,Low Risk
0,0.11523067123947928,11.52,High Risk
0,0.07566822993402614,7.57,Moderate Risk
0,0.07693983419576594,7.69,Moderate Risk
0,0.3785636336416657,37.86,Very High Risk
0,0.17433886932582224,17.43,High Risk
0,0.15722833714521067,15.72,High Risk
0,0.08043263808097512,8.04,Moderate Risk
0,0.15964341263972348,15.96,High Risk
0,0.03499245395115949,3.5,Moderate Risk
0,0.3746051858988963,37.46,Very High Risk
0,0.2817945951472633,28.18,Very High Risk
0,0.16170283286506595,16.17,High Risk
0,0.02326211807440217,2.33,Low Risk
0,0.24481916461873546,24.48,Very High Risk
0,0.5254347172069006,52.54,Very High Risk
0,0.015006997565607463,1.5,Low Risk
0,0.6115669638952117,61.16,Very High Risk
0,0.17002574207592142,17.0,High Risk
0,0.16106845125896127,16.11,High Risk
0,0.05514840022030261,5.51,Moderate Risk
0,0.8479026763156728,84.79,Very High Risk
0,0.2522970540451972,25.23,Very High Risk
0,0.8221469427239906,82.21,Very High Risk
0,0.17325465778423282,17.33,High Risk
0,0.09819756764040224,9.82,High Risk
0,0.2561618795555374,25.62,Very High Risk
0,0.08192527413375315,8.19,Moderate Risk
0,0.06454893824159277,6.45,Moderate Risk
0,0.11496259953062117,11.5,High Risk
0,0.03620146808138943,3.62,Moderate Risk
0,0.3511334045504951,35.11,Very High Risk
0,0.03565715718553836,3.57,Moderate Risk
0,0.06288668927974873,6.29,Moderate Risk
0,0.20431083861119798,20.43,High Risk
0,0.2846718560926735,28.47,Very High Risk
0,0.0021186893229595996,0.21,Low Risk
0,0.049369926200319866,4.94,Moderate Risk
0,0.03590170224034509,3.59,Moderate Risk
0,0.08807105892295099,8.81,Moderate Risk
0,0.1454683225403896,14.55,High Risk
0,0.05811784417167332,5.81,Moderate Risk
0,0.4431078157314633,44.31,Very High Risk
0,0.07587586454406949,7.59,Moderate Risk
0,0.040934590149551385,4.09,Moderate Risk
0,0.8478288357060465,84.78,Very High Risk
0,0.00986418465120041,0.99,Low Risk
0,0.1320746425242953,13.21,High Risk
1,0.22081702063428943,22.08,High Risk
0,0.018291686439573327,1.83,Low Risk
0,0.010488544300747832,1.05,Low Risk
0,0.027240192000458508,2.72,Low Risk
0,0.10166496829658207,10.17,High Risk
0,0.038197711626697814,3.82,Moderate Risk
0,0.05984221914875401,5.98,Moderate Risk
0,0.7796641759700907,77.97,Very High Risk
0,0.1607813274483245,16.08,High Risk
0,0.267761240843799,26.78,Very High Risk
0,0.05375126751533978,5.38,Moderate Risk
0,0.2720591229078684,27.21,Very High Risk
0,0.6004793847257666,60.05,Very High Risk
0,0.0743667529725728,7.44,Moderate Risk
0,0.032764841074325694,3.28,Low Risk
0,0.09015325042961643,9.02,Moderate Risk
0,0.10147568883656068,10.15,High Risk
0,0.079559719624563,7.96,Moderate Risk
0,0.13824234378179615,13.82,High Risk
0,0.19240410224079604,19.24,High Risk
0,0.7517081740877039,75.17,Very High Risk
0,0.39536946822736274,39.54,Very High Risk
0,0.02809094088632983,2.81,Low Risk
0,0.00044893722740804964,0.04,Low Risk
0,0.31387098289488813,31.39,Very High Risk
0,0.2721520236888405,27.22,Very High Risk
0,0.22333200502195324,22.33,High Risk
0,0.695129940232465,69.51,Very High Risk
0,0.08863179800042557,8.86,Moderate Risk
0,0.250042800894934,25.0,Very High Risk
0,0.123975671171968,12.4,High Risk
0,0.19493991493369928,19.49,High Risk
0,0.3235668880918849,32.36,Very High Risk
0,0.03355135716973475,3.36,Low Risk
0,0.7838972799414914,78.39,Very High Risk
0,0.1276671459239013,12.77,High Risk
0,0.02841089580834959,2.84,Low Risk
0,0.35755821981185604,35.76,Very High Risk
0,0.03985052985538343,3.99,Moderate Risk
0,0.25021433958676387,25.02,Very High Risk
0,0.054600460447327394,5.46,Moderate Risk
1,0.06088540043134786,6.09,Moderate Risk
0,0.1627844676354579,16.28,High Risk
0,0.06689034461156829,6.69,Moderate Risk
0,0.01887527498980242,1.89,Low Risk
0,0.5574209254130311,55.74,Very High Risk
0,0.0761516443808287,7.62,Moderate Risk
0,0.035456925606351296,3.55,Moderate Risk
0,0.030520767210644856,3.05,Low Risk
0,0.11135194483160253,11.14,High Risk
0,0.40821681923116826,40.82,Very High Risk
0,0.4324363570548435,43.24,Very High Risk
0,0.23199031223436845,23.2,High Risk
0,0.11648360554832227,11.65,High Risk
0,0.5035919014389588,50.36,Very High Risk
0,0.3338728905286431,33.39,Very High Risk
0,0.2092149700439799,20.92,High Risk
0,0.0501883828825459,5.02,Moderate Risk
0,0.08225838270893066,8.23,Moderate Risk
0,0.02885944106011188,2.89,Low Risk
0,0.17126981444341247,17.13,High Risk
0,0.022084917833431077,2.21,Low Risk
0,0.13498863055118776,13.5,High Risk
0,0.0922069496736708,9.22,Moderate Risk
0,0.048585571806028696,4.86,Moderate Risk
0,0.3471793751753749,34.72,Very High Risk
0,0.1563473181319304,15.63,High Risk
0,0.14877822265145416,14.88,High Risk
0,0.19643719473670987,19.64,High Risk
0,0.0384156554486313,3.84,Moderate Risk
0,0.41586185508256396,41.59,Very High Risk
0,0.002605065112012541,0.26,Low Risk
0,0.19509310155141074,19.51,High Risk
0,0.2979992734881123,29.8,Very High Risk
0,0.41426618076816796,41.43,Very High Risk
0,0.6318511830442436,63.19,Very High Risk
0,0.33013802193918557,33.01,Very High Risk
0,0.10059017233358883,10.06,High Risk
0,0.04128069665053915,4.13,Moderate Risk
0,0.45424872966543367,45.42,Very High Risk
0,0.017680810889903243,1.77,Low Risk
0,0.04192056685824232,4.19,Moderate Risk
0,0.07093833044128313,7.09,Moderate Risk
0,0.19878873911850162,19.88,High Risk
0,0.04372454337292211,4.37,Moderate Risk
0,0.05649387834011925,5.65,Moderate Risk
0,0.06123748119396836,6.12,Moderate Risk
0,0.08045792077344244,8.05,Moderate Risk
0,0.17041936788924775,17.04,High Risk
0,0.6897520327245972,68.98,Very High Risk
0,0.4265535483965413,42.66,Very High Risk
0,0.0904063792438999,9.04,Moderate Risk
0,0.892316027150957,89.23,Very High Risk
0,0.027434683375718024,2.74,Low Risk
0,0.37449072625887647,37.45,Very High Risk
0,0.08554144403199401,8.55,Moderate Risk
0,0.26484041582060464,26.48,Very High Risk
0,0.2531205493330795,25.31,Very High Risk
0,0.48254429015077493,48.25,Very High Risk
0,0.38217057127738124,38.22,Very High Risk
0,0.021940034842816047,2.19,Low Risk
0,0.0643498163076188,6.43,Moderate Risk
0,0.14584896222163468,14.58,High Risk
0,0.18115648040227458,18.12,High Risk
0,0.3598541217727091,35.99,Very High Risk
0,0.018074766085396397,1.81,Low Risk
0,0.0011129459375046754,0.11,Low Risk
0,0.054441010918082296,5.44,Moderate Risk
0,0.01458495270998497,1.46,Low Risk
0,0.013406484479509128,1.34,Low Risk
0,0.3320659545951261,33.21,Very High Risk
0,0.08755347574862081,8.76,Moderate Risk
0,0.07402103470031399,7.4,Moderate Risk
0,0.019011936961293153,1.9,Low Risk
0,0.05858141904891998,5.86,Moderate Risk
0,0.0062708193871850075,0.63,Low Risk
0,0.04033841616191571,4.03,Moderate Risk
0,0.015920935587327406,1.59,Low Risk
0,0.3102409088497526,31.02,Very High Risk
0,0.04417499224748304,4.42,Moderate Risk
0,0.0016737409315515323,0.17,Low Risk
0,0.043869777579169156,4.39,Moderate Risk
0,0.02406270101419212,2.41,Low Risk
0,0.5619913221945391,56.2,Very High Risk
0,0.05090727649342696,5.09,Moderate Risk
0,0.026160710942386995,2.62,Low Risk
0,0.26547705742026884,26.55,Very High Risk
0,0.670851035068001,67.09,Very High Risk
0,0.11221298434803623,11.22,High Risk
0,0.4660595164407197,46.61,Very High Risk
0,0.051659113326510644,5.17,Moderate Risk
0,0.1341240834297795,13.41,High Risk
0,0.17995650014185982,18.0,High Risk
0,0.1160447367688485,11.6,High Risk
0,0.003909401446400605,0.39,Low Risk
0,0.05534777479312556,5.53,Moderate Risk
0,0.15845448911518645,15.85,High Risk
0,0.015550961814535155,1.56,Low Risk
0,0.1532373760507848,15.32,High Risk
0,0.12970104269326052,12.97,High Risk
0,0.3615836218846087,36.16,Very High Risk
0,0.3941999590505489,39.42,Very High Risk
0,0.1339469919339711,13.39,High Risk
0,0.015272501040208082,1.53,Low Risk
0,0.0519309210600287,5.19,Moderate Risk
0,0.2756437013732318,27.56,Very High Risk
0,0.15192544895075788,15.19,High Risk
0,0.07594700960400161,7.59,Moderate Risk
0,0.8530774200473088,85.31,Very High Risk
0,0.467585065956063,46.76,Very High Risk
0,0.009977288699125453,1.0,Low Risk
0,0.028084049639139682,2.81,Low Risk
0,0.016552392756867193,1.66,Low Risk
0,0.0190485219855707,1.9,Low Risk
1,0.5578659096616814,55.79,Very High Risk
0,0.3624191556208262,36.24,Very High Risk
0,0.23925217498684767,23.93,Very High Risk
0,0.2526853273772846,25.27,Very High Risk
0,0.7116374605993985,71.16,Very High Risk
0,0.26304707372958147,26.3,Very High Risk
1,0.008977251147190706,0.9,Low Risk
0,0.10237998887798867,10.24,High Risk
0,0.02772664915352431,2.77,Low Risk
0,0.0650228514780306,6.5,Moderate Risk
0,0.24891365212824645,24.89,Very High Risk
0,0.08804408562973885,8.8,Moderate Risk
0,0.1164775808548094,11.65,High Risk
0,0.012801065360130967,1.28,Low Risk
0,0.039094498426722274,3.91,Moderate Risk
0,0.3906401250839129,39.06,Very High Risk
0,0.04080088478734637,4.08,Moderate Risk
0,0.40243036291656437,40.24,Very High Risk
0,0.088577900902018,8.86,Moderate Risk
0,0.07408911260359988,7.41,Moderate Risk
0,0.357088162486673,35.71,Very High Risk
0,0.08336742337616504,8.34,Moderate Risk
0,0.01929024408107142,1.93,Low Risk
0,0.07854170388353456,7.85,Moderate Risk
0,0.08871468344009845,8.87,Moderate Risk
0,0.10185876608973357,10.19,High Risk
0,0.03402544706746476,3.4,Low Risk
0,0.042971855203723236,4.3,Moderate Risk
0,0.2678455411875598,26.78,Very High Risk
0,0.0011642806421559276,0.12,Low Risk
0,0.02911871471345445,2.91,Low Risk
0,0.0476569316642535,4.77,Moderate Risk
0,0.05885993532015007,5.89,Moderate Risk
0,0.14982427593517242,14.98,High Risk
0,0.17743159395772407,17.74,High Risk
0,0.003068606772006752,0.31,Low Risk
0,0.07963566358806833,7.96,Moderate Risk
0,0.019697419092572478,1.97,Low Risk
0,0.23175515512056086,23.18,High Risk
0,0.0322574891910345,3.23,Low Risk
0,0.7477104965187491,74.77,Very High Risk
0,0.09231305357867096,9.23,Moderate Risk
0,0.17341188505822286,17.34,High Risk
0,0.6061857880305588,60.62,Very High Risk
0,0.08464564821535198,8.46,Moderate Risk
0,0.15432273244908076,15.43,High Risk
0,0.01242357715103932,1.24,Low Risk
0,0.33484478337227513,33.48,Very High Risk
0,0.0066941199515564665,0.67,Low Risk
0,0.795003655126385,79.5,Very High Risk
0,0.05760671083865489,5.76,Moderate Risk
0,0.029321352457578772,2.93,Low Risk
0,0.016876469859769105,1.69,Low Risk
0,0.4705970586511351,47.06,Very High Risk
0,0.005978220814051286,0.6,Low Risk
0,0.0820750397579849,8.21,Moderate Risk
0,0.02868383109582371,2.87,Low Risk
0,0.16653687896729788,16.65,High Risk
0,0.06483151962355566,6.48,Moderate Risk
0,0.025815505682375575,2.58,Low Risk
0,0.0803701317591593,8.04,Moderate Risk
0,0.03289240197941601,3.29,Low Risk
0,0.09136400066121188,9.14,Moderate Risk
0,0.73773081505623,73.77,Very High Risk
0,0.4805345245096069,48.05,Very High Risk
0,0.5334585057440338,53.35,Very High Risk
0,0.4273905955777323,42.74,Very High Risk
0,0.06071365080393128,6.07,Moderate Risk
0,0.08307649306224346,8.31,Moderate Risk
0,0.3981965159451384,39.82,Very High Risk
0,0.008495869382808325,0.85,Low Risk
1,0.9249012898974448,92.49,Very High Risk
0,0.5088807151439306,50.89,Very High Risk
0,0.39443890029130174,39.44,Very High Risk
0,0.31967964563224177,31.97,Very High Risk
0,0.5683042524965254,56.83,Very High Risk
0,0.33775957539254214,33.78,Very High Risk
0,0.18924138955920491,18.92,High Risk
0,0.08662884658452549,8.66,Moderate Risk
0,0.6501076440225289,65.01,Very High Risk
0,0.2846744394590325,28.47,Very High Risk
0,0.12870372761173393,12.87,High Risk
0,0.6242354676142916,62.42,Very High Risk
0,0.31022289319683155,31.02,Very High Risk
0,0.4815375181302901,48.15,Very High Risk
1,0.005668924858796384,0.57,Low Risk
0,0.27485373448741307,27.49,Very High Risk
0,0.39914881459965224,39.91,Very High Risk
0,0.1846108811049913,18.46,High Risk
0,0.12503634681258116,12.5,High Risk
0,0.022837393950727876,2.28,Low Risk
0,0.696503913128128,69.65,Very High Risk
0,0.07721855243522849,7.72,Moderate Risk
0,0.011398452109005567,1.14,Low Risk
0,0.06040148609594368,6.04,Moderate Risk
0,0.008566666932443416,0.86,Low Risk
0,0.011566502801735292,1.16,Low Risk
0,0.5866086678231939,58.66,Very High Risk
0,0.28779895990810517,28.78,Very High Risk
0,0.1799581078165419,18.0,High Risk
0,0.12284594624662967,12.28,High Risk
0,0.061860774615167397,6.19,Moderate Risk
0,0.8488668203585935,84.89,Very High Risk
0,0.008982577275696553,0.9,Low Risk
0,0.29939232580033287,29.94,Very High Risk
0,0.04091204213155791,4.09,Moderate Risk
0,0.020511085910229727,2.05,Low Risk
0,0.0668545691564919,6.69,Moderate Risk
0,0.09330984373838391,9.33,Moderate Risk
0,0.7084662297265188,70.85,Very High Risk
0,0.26351539677926844,26.35,Very High Risk
0,0.05427955722138303,5.43,Moderate Risk
0,0.6781263568799945,67.81,Very High Risk
0,0.07621955127848865,7.62,Moderate Risk
0,0.03243673475481431,3.24,Low Risk
0,0.024004590482858388,2.4,Low Risk
0,0.09914438788221527,9.91,High Risk
0,0.0954167178907466,9.54,High Risk
0,0.15940188358868934,15.94,High Risk
0,0.17990517473199605,17.99,High Risk
0,0.0985465254825703,9.85,High Risk
0,0.03499411499140247,3.5,Moderate Risk
0,0.012459867441876254,1.25,Low Risk
0,0.35455773677401886,35.46,Very High Risk
0,0.018550711572702445,1.86,Low Risk
0,0.06413325507782475,6.41,Moderate Risk
0,0.12023004360952075,12.02,High Risk
0,0.15004952443326539,15.0,High Risk
0,0.08287909206358227,8.29,Moderate Risk
0,0.09458718308487243,9.46,High Risk
0,0.11288430958761425,11.29,High Risk
0,0.269080984561783,26.91,Very High Risk
0,0.15346405582725134,15.35,High Risk
0,0.03158864330692655,3.16,Low Risk
0,0.1259536369297413,12.6,High Risk
0,0.03239291047683333,3.24,Low Risk
0,0.0825082935669316,8.25,Moderate Risk
0,0.4446107905809335,44.46,Very High Risk
0,0.06535270141919694,6.54,Moderate Risk
0,0.07579267948235857,7.58,Moderate Risk
0,0.5383377634202435,53.83,Very High Risk
0,0.0008697778491189141,0.09,Low Risk
0,0.07816369118216843,7.82,Moderate Risk
0,0.0595393892577368,5.95,Moderate Risk
0,0.0016554745231763196,0.17,Low Risk
0,0.014482157146500689,1.45,Low Risk
0,0.008811581022903605,0.88,Low Risk
0,0.06998561887131233,7.0,Moderate Risk
0,0.03730507047811568,3.73,Moderate Risk
0,0.08508519788168817,8.51,Moderate Risk
0,0.045176762209248496,4.52,Moderate Risk
0,0.02775022851027416,2.78,Low Risk
0,0.12340365087747655,12.34,High Risk
0,0.0700341103491253,7.0,Moderate Risk
0,0.17933476746085644,17.93,High Risk
0,0.6128460308076479,61.28,Very High Risk
0,0.026525153126292958,2.65,Low Risk
0,0.06367805906581941,6.37,Moderate Risk
0,0.5416230364661389,54.16,Very High Risk
0,0.010013438745990528,1.0,Low Risk
1,0.21574847549083453,21.57,High Risk
0,0.12283684608889114,12.28,High Risk
0,0.08585807160214314,8.59,Moderate Risk
0,0.17632998652419032,17.63,High Risk
0,0.01241947544716004,1.24,Low Risk
0,0.9084787635671498,90.85,Very High Risk
0,0.28363249861217255,28.36,Very High Risk
0,0.024894530308497614,2.49,Low Risk
0,0.005070460038159923,0.51,Low Risk
0,0.02606226176219291,2.61,Low Risk
0,0.17194158637889959,17.19,High Risk
0,0.17328113989461377,17.33,High Risk
0,0.05683451051570586,5.68,Moderate Risk
0,0.3791881086458623,37.92,Very High Risk
0,0.4824456052272235,48.24,Very High Risk
0,0.8225985330579402,82.26,Very High Risk
0,0.7742147657413643,77.42,Very High Risk
0,0.03948772867547134,3.95,Moderate Risk
0,0.2916697487578185,29.17,Very High Risk
0,0.7554053196295327,75.54,Very High Risk
0,0.2155079970961592,21.55,High Risk
0,0.011614052209425138,1.16,Low Risk
0,0.12219790615304325,12.22,High Risk
0,0.04359830316361243,4.36,Moderate Risk
0,0.24857770271505425,24.86,Very High Risk
0,0.0369624293905474,3.7,Moderate Risk
0,0.17323184439610562,17.32,High Risk
0,0.021381805718154793,2.14,Low Risk
0,0.07617487985625321,7.62,Moderate Risk
0,0.11341265189960156,11.34,High Risk
0,0.017216860264903665,1.72,Low Risk
0,0.07314866786091183,7.31,Moderate Risk
0,0.061071501599676906,6.11,Moderate Risk
0,0.06302567052641937,6.3,Moderate Risk
0,0.05543100099066336,5.54,Moderate Risk
0,0.05790768225532733,5.79,Moderate Risk
0,0.009427498568842603,0.94,Low Risk
0,0.10194015480280068,10.19,High Risk
0,0.8762121841206993,87.62,Very High Risk
0,0.06239214936907642,6.24,Moderate Risk
0,0.1715267929565733,17.15,High Risk
0,0.02504577485168017,2.5,Low Risk
0,0.23113267029220957,23.11,High Risk
0,0.14546401955138502,14.55,High Risk
0,0.32102642110152163,32.1,Very High Risk
0,0.011489871350308769,1.15,Low Risk
0,0.007931892689606486,0.79,Low Risk
0,0.0712781519226993,7.13,Moderate Risk
0,0.1848545129226734,18.49,High Risk
0,0.4733289233220302,47.33,Very High Risk
0,0.5037031734676156,50.37,Very High Risk
0,0.11871670795160685,11.87,High Risk
0,0.029194543798502656,2.92,Low Risk
0,0.5262351297128405,52.62,Very High Risk
0,0.053507943135306824,5.35,Moderate Risk
0,0.2704220333721587,27.04,Very High Risk
0,0.01868917626481108,1.87,Low Risk
0,0.01612965231112508,1.61,Low Risk
0,0.043163759057409594,4.32,Moderate Risk
0,0.019903065686298925,1.99,Low Risk
0,0.5435515358058649,54.36,Very High Risk
0,0.045326645207354,4.53,Moderate Risk
0,0.13906416838043031,13.91,High Risk
0,0.4686945048637471,46.87,Very High Risk
0,0.836899084347954,83.69,Very High Risk
0,0.05764509613297245,5.76,Moderate Risk
0,0.7295684283444299,72.96,Very High Risk
0,0.04641923499848297,4.64,Moderate Risk
0,0.26932133563382776,26.93,Very High Risk
0,0.028284086435245392,2.83,Low Risk
0,0.17263875549336113,17.26,High Risk
0,0.18836091531117807,18.84,High Risk
0,0.5991821130584968,59.92,Very High Risk
0,0.0787228589411561,7.87,Moderate Risk
0,0.03412485417533101,3.41,Low Risk
0,0.37416987937119117,37.42,Very High Risk
0,0.022203328204296147,2.22,Low Risk
0,0.4290180883903451,42.9,Very High Risk
0,0.11767158828094343,11.77,High Risk
0,0.17301486289662757,17.3,High Risk
0,0.0573410611874399,5.73,Moderate Risk
0,0.04991845512683952,4.99,Moderate Risk
0,0.19045768314665404,19.05,High Risk
0,0.2845479149581759,28.45,Very High Risk
1,0.9459136280180831,94.59,Very High Risk
0,0.3675049540351534,36.75,Very High Risk
0,0.07178090408233895,7.18,Moderate Risk
0,0.615089055780218,61.51,Very High Risk
0,0.10917793089949694,10.92,High Risk
0,0.11651785200463495,11.65,High Risk
0,0.23555917331048565,23.56,High Risk
0,0.01441795019583295,1.44,Low Risk
0,0.2877029524428442,28.77,Very High Risk
0,0.04481688131951277,4.48,Moderate Risk
0,0.08898798948329818,8.9,Moderate Risk
0,0.0764008333890379,7.64,Moderate Risk
1,0.0011335764573326941,0.11,Low Risk
0,0.10825260402930637,10.83,High Risk
0,0.784746631488407,78.47,Very High Risk
0,0.009355116336296633,0.94,Low Risk
0,0.0030633496997837188,0.31,Low Risk
0,0.17014807727751569,17.01,High Risk
0,0.11512586062892509,11.51,High Risk
0,0.5061713808503672,50.62,Very High Risk
0,0.2820629866052069,28.21,Very High Risk
0,0.24217200219985716,24.22,Very High Risk
0,0.5558454856330409,55.58,Very High Risk
0,0.038481715534406095,3.85,Moderate Risk
0,0.2101771118207538,21.02,High Risk
0,0.8230122582021265,82.3,Very High Risk
0,0.24457126156880768,24.46,Very High Risk
0,0.06432605209444632,6.43,Moderate Risk
0,0.2194107371530126,21.94,High Risk
0,0.09691077887426867,9.69,High Risk
0,0.6212562594735593,62.13,Very High Risk
0,0.03950403644577233,3.95,Moderate Risk
0,0.12304125428876268,12.3,High Risk
0,0.014427039357486635,1.44,Low Risk
0,0.15565125767236604,15.57,High Risk
0,0.030686141286900854,3.07,Low Risk
0,0.04893050598018009,4.89,Moderate Risk
0,0.005040031633720573,0.5,Low Risk
0,0.7321914423929867,73.22,Very High Risk
0,0.02429709179244423,2.43,Low Risk
0,0.18967347879829682,18.97,High Risk
0,0.10463911539873547,10.46,High Risk
0,0.16543437089408564,16.54,High Risk
0,0.06124989922688398,6.12,Moderate Risk
0,0.17004693814368868,17.0,High Risk
0,0.14914073250078075,14.91,High Risk
0,0.13610614207394583,13.61,High Risk
0,0.02007568777480697,2.01,Low Risk
0,0.08142332169402228,8.14,Moderate Risk
0,0.41189699507716115,41.19,Very High Risk
0,0.5359750394432211,53.6,Very High Risk
0,0.5229190855051756,52.29,Very High Risk
0,0.7012498548720281,70.12,Very High Risk
0,0.010567874678999337,1.06,Low Risk
0,0.07389216572449793,7.39,Moderate Risk
0,0.21320106693005697,21.32,High Risk
0,0.010400422413040391,1.04,Low Risk
0,0.027208918368280724,2.72,Low Risk
0,0.00889033614815792,0.89,Low Risk
0,0.14038428286117027,14.04,High Risk
0,0.22631979492805424,22.63,High Risk
0,0.09617179731727685,9.62,High Risk
0,0.13032451581986793,13.03,High Risk
0,0.08664373439609843,8.66,Moderate Risk
0,0.010693423149858109,1.07,Low Risk
0,0.026209119950007645,2.62,Low Risk
0,0.01946397380694761,1.95,Low Risk
0,0.0022960725113516205,0.23,Low Risk
0,0.6680539947628238,66.81,Very High Risk
0,0.035194179987717955,3.52,Moderate Risk
0,0.09406867522865163,9.41,Moderate Risk
0,0.07012550952671821,7.01,Moderate Risk
0,0.36509288098333487,36.51,Very High Risk
0,0.06091725130472794,6.09,Moderate Risk
0,0.015068640798919276,1.51,Low Risk
0,0.29421136196675934,29.42,Very High Risk
0,0.025352180679418627,2.54,Low Risk
0,0.0006657973978561772,0.07,Low Risk
0,0.4370512054278638,43.71,Very High Risk
1,0.05287099028220801,5.29,Moderate Risk
0,0.0419577470455125,4.2,Moderate Risk
0,0.03628061603007633,3.63,Moderate Risk
0,0.282182196436662,28.22,Very High Risk
0,0.0368673328726927,3.69,Moderate Risk
0,0.11866736948679386,11.87,High Risk
0,0.7067289689268348,70.67,Very High Risk
0,0.777107023171305,77.71,Very High Risk
0,0.054325565503259975,5.43,Moderate Risk
0,0.25524639190501097,25.52,Very High Risk
0,0.15762349740294526,15.76,High Risk
0,0.005435758279597267,0.54,Low Risk
0,0.06896930259447032,6.9,Moderate Risk
0,0.16100284238369106,16.1,High Risk
0,0.08268920141968202,8.27,Moderate Risk
0,0.05102610874135837,5.1,Moderate Risk
0,0.07035480759455837,7.04,Moderate Risk
0,0.0706556605201115,7.07,Moderate Risk
0,0.09529401858873861,9.53,High Risk
0,0.3073735969654693,30.74,Very High Risk
0,0.40200591047116707,40.2,Very High Risk
0,0.16060991794397655,16.06,High Risk
0,0.22015501512646748,22.02,High Risk
0,0.033410697542044704,3.34,Low Risk
0,0.05594531160113407,5.59,Moderate Risk
0,0.04021686616647053,4.02,Moderate Risk
0,0.16733239500319233,16.73,High Risk
0,0.237168036200264,23.72,High Risk
0,0.06192388205084105,6.19,Moderate Risk
0,0.12978375583758747,12.98,High Risk
0,0.3522756186991531,35.23,Very High Risk
0,0.02012370012363026,2.01,Low Risk
0,0.7239400557870251,72.39,Very High Risk
0,0.5200391975127928,52.0,Very High Risk
0,0.4835274160131968,48.35,Very High Risk
0,0.21601651107297304,21.6,High Risk
0,0.006726803576963641,0.67,Low Risk
0,0.2740540808862852,27.41,Very High Risk
0,0.10611941467781037,10.61,High Risk
0,0.12053208907033286,12.05,High Risk
0,0.1040301127992232,10.4,High Risk
0,0.004287848891531544,0.43,Low Risk
0,0.971037609152149,97.1,Very High Risk
0,0.3835326781870782,38.35,Very High Risk
0,0.012583148625141469,1.26,Low Risk
0,0.06290921442606395,6.29,Moderate Risk
0,0.2886119131134855,28.86,Very High Risk
0,0.051713062841326235,5.17,Moderate Risk
0,0.10495328750083822,10.5,High Risk
0,0.25663147489501875,25.66,Very High Risk
0,0.09266408452990506,9.27,Moderate Risk
0,0.7142420788328022,71.42,Very High Risk
0,0.0761592012421057,7.62,Moderate Risk
0,0.14002856862184096,14.0,High Risk
0,0.03467396796822758,3.47,Low Risk
0,0.000952599607817379,0.1,Low Risk
0,0.3855552902258237,38.56,Very High Risk
0,0.7496274699505173,74.96,Very High Risk
0,0.0009157760917981522,0.09,Low Risk
0,0.044733695131397806,4.47,Moderate Risk
0,0.1261598323557553,12.62,High Risk
0,0.35173293937334266,35.17,Very High Risk
0,0.03214464103393463,3.21,Low Risk
0,0.3155698773879572,31.56,Very High Risk
0,0.29959577561944095,29.96,Very High Risk
0,0.010174297541978261,1.02,Low Risk
0,0.04567507912736915,4.57,Moderate Risk
0,0.09426353789153474,9.43,High Risk
0,0.6297167257474691,62.97,Very High Risk
0,0.06194771425374204,6.19,Moderate Risk
0,0.17627752853130432,17.63,High Risk
0,0.6080330406784469,60.8,Very High Risk
0,0.006135716105471387,0.61,Low Risk
0,0.17046595921212068,17.05,High Risk
0,0.15892241633473708,15.89,High Risk
0,0.051617051488871475,5.16,Moderate Risk
0,0.07623767268009818,7.62,Moderate Risk
0,0.11641656187950564,11.64,High Risk
0,0.026037322172770386,2.6,Low Risk
0,0.07076355477678203,7.08,Moderate Risk
0,0.21751436884201955,21.75,High Risk
0,0.14537036728788305,14.54,High Risk
0,0.156859087828547,15.69,High Risk
0,0.029534409532940495,2.95,Low Risk
0,0.20340050701513213,20.34,High Risk
0,0.6302948541891354,63.03,Very High Risk
0,0.046187034795978556,4.62,Moderate Risk
0,0.24515037537945786,24.52,Very High Risk
0,0.002773523007576715,0.28,Low Risk
1,0.07044481224012983,7.04,Moderate Risk
0,0.3622561678150247,36.23,Very High Risk
0,0.01716198297695676,1.72,Low Risk
0,0.6732789955285104,67.33,Very High Risk
0,0.014035952947379709,1.4,Low Risk
0,0.7462542989385819,74.63,Very High Risk
0,0.3159515942950134,31.6,Very High Risk
0,0.12708942243823393,12.71,High Risk
0,0.31913906536832354,31.91,Very High Risk
0,0.5842086947597482,58.42,Very High Risk
0,0.17170403368294795,17.17,High Risk
0,0.14310979890182804,14.31,High Risk
0,0.028251324262361387,2.83,Low Risk
0,0.009578489152892644,0.96,Low Risk
0,0.6778650352635301,67.79,Very High Risk
0,0.0801785853996027,8.02,Moderate Risk
0,0.014095749257713806,1.41,Low Risk
0,0.013925463306324054,1.39,Low Risk
0,0.3872592727708551,38.73,Very High Risk
0,0.11480525841541017,11.48,High Risk
0,0.3618640220954284,36.19,Very High Risk
0,0.05612158139087521,5.61,Moderate Risk
0,0.12625810147327515,12.63,High Risk
1,0.46321660176243523,46.32,Very High Risk
0,0.00461753256298192,0.46,Low Risk
0,0.2567129195927918,25.67,Very High Risk
0,0.1309794942503566,13.1,High Risk
0,0.02845977054639015,2.85,Low Risk
0,0.06772591851606229,6.77,Moderate Risk
0,0.11850270739182944,11.85,High Risk
0,0.03345223781843956,3.35,Low Risk
1,0.193364768559868,19.34,High Risk
0,0.06473255005812911,6.47,Moderate Risk
0,0.8911928151206735,89.12,Very High Risk
0,0.10619269882987036,10.62,High Risk
0,0.1469662318756887,14.7,High Risk
0,0.4752026743057645,47.52,Very High Risk
0,0.36785277287572316,36.79,Very High Risk
0,0.017668618361877494,1.77,Low Risk
0,0.02921299298969937,2.92,Low Risk
0,0.11664240709974283,11.66,High Risk
0,0.11681811141994186,11.68,High Risk
0,0.17835604715514808,17.84,High Risk
0,0.2596574376400575,25.97,Very High Risk
0,0.08394786488155273,8.39,Moderate Risk
0,0.1828252976967569,18.28,High Risk
0,0.16962282935075151,16.96,High Risk
0,0.12114800071918802,12.11,High Risk
0,0.29121210737398856,29.12,Very High Risk
0,0.012612503803410384,1.26,Low Risk
0,0.05127980177371763,5.13,Moderate Risk
0,0.006959432823789859,0.7,Low Risk
0,0.06270339091765179,6.27,Moderate Risk
1,0.0825191071238806,8.25,Moderate Risk
0,0.23373707647904854,23.37,High Risk
0,0.10053394738957794,10.05,High Risk
0,0.2637674905874248,26.38,Very High Risk
0,0.01908341191986773,1.91,Low Risk
0,0.23654198449543978,23.65,High Risk
0,0.25796910232899567,25.8,Very High Risk
0,0.08359118106253242,8.36,Moderate Risk
0,0.13808162628963788,13.81,High Risk
0,0.02235048143914446,2.24,Low Risk
0,0.2871076289652371,28.71,Very High Risk
0,0.1994775312623423,19.95,High Risk
0,0.18731256607295224,18.73,High Risk
0,0.14936557523642754,14.94,High Risk
0,0.003674970923339714,0.37,Low Risk
0,0.03143655896883568,3.14,Low Risk
0,0.07902443997714817,7.9,Moderate Risk
0,0.2037357690716316,20.37,High Risk
0,0.004117845892341315,0.41,Low Risk
0,0.5052440903288038,50.52,Very High Risk
0,0.24027698915012843,24.03,Very High Risk
0,0.017111344035598174,1.71,Low Risk
0,0.1449383278538323,14.49,High Risk
0,0.08797739838503289,8.8,Moderate Risk
0,0.01852484689809768,1.85,Low Risk
0,0.03332298037307287,3.33,Low Risk
0,0.2610871628866456,26.11,Very High Risk
0,0.03319926695461733,3.32,Low Risk
0,0.15459386154791424,15.46,High Risk
0,0.06633538727895019,6.63,Moderate Risk
0,0.008824145614224671,0.88,Low Risk
0,0.4301793576788235,43.02,Very High Risk
0,0.38685401435322353,38.69,Very High Risk
0,0.02984430212110016,2.98,Low Risk
0,0.5480615291455581,54.81,Very High Risk
0,0.5351282626059132,53.51,Very High Risk
0,0.014511711445846506,1.45,Low Risk
0,0.0044602440316897,0.45,Low Risk
0,0.01796988111986606,1.8,Low Risk
0,0.04669038906865039,4.67,Moderate Risk
0,0.07806983622460441,7.81,Moderate Risk
0,0.08383209955304115,8.38,Moderate Risk
0,0.034906494726634534,3.49,Low Risk
0,1.0512815044386962e-06,0.0,Low Risk
0,0.28946845883682243,28.95,Very High Risk
0,0.18749036180210993,18.75,High Risk
0,0.025141961175534088,2.51,Low Risk
0,0.4000448375598203,40.0,Very High Risk
0,0.4753753875637552,47.54,Very High Risk
0,0.1587732186230601,15.88,High Risk
0,0.005548713161034108,0.55,Low Risk
0,0.25290799503889805,25.29,Very High Risk
0,0.25522926175671895,25.52,Very High Risk
0,0.17567048225520482,17.57,High Risk
0,0.005397776526475636,0.54,Low Risk
0,0.034788320808359016,3.48,Low Risk
0,0.05804314053208193,5.8,Moderate Risk
0,0.2368308567830111,23.68,High Risk
0,0.1815714035032735,18.16,High Risk
0,0.018976844630934134,1.9,Low Risk
0,0.35964935468794273,35.96,Very High Risk
0,0.0031726733396105974,0.32,Low Risk
0,0.3714556980650655,37.15,Very High Risk
0,0.5394274773604407,53.94,Very High Risk
0,0.028984994338483974,2.9,Low Risk
0,0.1386384240589414,13.86,High Risk
0,0.02004430454796348,2.0,Low Risk
1,0.5986782276801826,59.87,Very High Risk
0,0.025385661668119563,2.54,Low Risk
0,0.12375245977201152,12.38,High Risk
0,0.0361682792776423,3.62,Moderate Risk
0,0.18778883798053206,18.78,High Risk
1,0.06893084042603971,6.89,Moderate Risk
0,0.02332039198762847,2.33,Low Risk
0,0.15704254231693607,15.7,High Risk
0,0.029403400991133193,2.94,Low Risk
1,0.4569831544425858,45.7,Very High Risk
0,0.08398440284367291,8.4,Moderate Risk
0,0.023393502546652917,2.34,Low Risk
0,0.12674295940801658,12.67,High Risk
0,0.41247464106144943,41.25,Very High Risk
0,0.28628968152556983,28.63,Very High Risk
0,0.023010045657286062,2.3,Low Risk
0,0.046060197762800875,4.61,Moderate Risk
0,0.10835359055224233,10.84,High Risk
0,0.017209985825558393,1.72,Low Risk
0,0.028877990095529178,2.89,Low Risk
0,0.1370936728413785,13.71,High Risk
0,0.46703697385483484,46.7,Very High Risk
0,0.18400585313658185,18.4,High Risk
0,0.042806822996110445,4.28,Moderate Risk
0,0.3191605934014371,31.92,Very High Risk
0,0.08497837138485505,8.5,Moderate Risk
0,0.02337860890633642,2.34,Low Risk
0,0.1504509908903786,15.05,High Risk
0,0.633535459440291,63.35,Very High Risk
0,3.4182816589903608e-06,0.0,Low Risk
0,0.21294596570548402,21.29,High Risk
0,0.04772664158353711,4.77,Moderate Risk
0,0.2519610583521095,25.2,Very High Risk
0,0.04186295757396255,4.19,Moderate Risk
0,0.214556723521394,21.46,High Risk
0,0.012320673360920676,1.23,Low Risk
0,0.4837704959448297,48.38,Very High Risk
0,0.02856452663135369,2.86,Low Risk
0,0.058536055214992,5.85,Moderate Risk
0,0.07034412885417317,7.03,Moderate Risk
0,0.18061854330705457,18.06,High Risk
0,0.18076623010470605,18.08,High Risk
0,0.0687591711933172,6.88,Moderate Risk
0,0.032410276317715904,3.24,Low Risk
0,0.5760296771148884,57.6,Very High Risk
0,0.06772152929826644,6.77,Moderate Risk
0,0.024978688672517426,2.5,Low Risk
0,0.33812593339780395,33.81,Very High Risk
0,0.630951029806155,63.1,Very High Risk
0,0.014718204821804746,1.47,Low Risk
0,0.07650643134217594,7.65,Moderate Risk
0,0.08230887164247838,8.23,Moderate Risk
0,0.04685738773248762,4.69,Moderate Risk
0,0.11812560067145755,11.81,High Risk
0,0.16622669295244524,16.62,High Risk
0,0.7160988467336645,71.61,Very High Risk
0,0.1928708146295033,19.29,High Risk
0,0.2923246157416242,29.23,Very High Risk
0,0.011002089661504134,1.1,Low Risk
0,0.2346998277456086,23.47,High Risk
0,0.18323988022447799,18.32,High Risk
0,0.35268087974912876,35.27,Very High Risk
0,0.08647214400714087,8.65,Moderate Risk
0,0.43373136277692803,43.37,Very High Risk
0,0.12140321558431552,12.14,High Risk
0,0.11355220636103588,11.36,High Risk
0,0.07157359062682496,7.16,Moderate Risk
0,0.02042052265273386,2.04,Low Risk
1,0.3221534733681529,32.22,Very High Risk
0,0.42912280691135085,42.91,Very High Risk
0,0.34342068435430584,34.34,Very High Risk
0,0.1644849463759269,16.45,High Risk
0,0.4722359649189291,47.22,Very High Risk
0,0.22449443727626733,22.45,High Risk
0,0.026634518110832773,2.66,Low Risk
0,0.07557941284506864,7.56,Moderate Risk
0,0.06819515725576748,6.82,Moderate Risk
0,0.17071167644694235,17.07,High Risk
0,0.044413052414170956,4.44,Moderate Risk
0,0.04268721242749904,4.27,Moderate Risk
0,0.02562151277953611,2.56,Low Risk
0,0.03658310953465338,3.66,Moderate Risk
0,0.017110700684256217,1.71,Low Risk
0,0.2875534185719388,28.76,Very High Risk
0,0.09948773054964853,9.95,High Risk
0,0.09942328523422737,9.94,High Risk
0,0.6611310483291067,66.11,Very High Risk
0,0.33591477649911156,33.59,Very High Risk
0,0.022091945853976894,2.21,Low Risk
0,0.011152371918409804,1.12,Low Risk
0,0.010402802821952944,1.04,Low Risk
0,0.05120840029454322,5.12,Moderate Risk
0,0.25496692265241483,25.5,Very High Risk
0,0.18126460241787234,18.13,High Risk
1,0.681013580959481,68.1,Very High Risk
1,0.04202368160221709,4.2,Moderate Risk
0,0.4071235341218354,40.71,Very High Risk
0,0.3770062173738527,37.7,Very High Risk
0,0.03317660361997257,3.32,Low Risk
0,0.06653186185608187,6.65,Moderate Risk
0,0.6622987017358142,66.23,Very High Risk
0,0.15747680460262348,15.75,High Risk
0,0.4541917964028333,45.42,Very High Risk
0,0.11461884693498262,11.46,High Risk
0,0.05445005055275117,5.45,Moderate Risk
0,0.1514535613762145,15.15,High Risk
0,0.11833149345140459,11.83,High Risk
0,0.09041326473952173,9.04,Moderate Risk
0,0.026938157276489228,2.69,Low Risk
0,0.13847987870697565,13.85,High Risk
0,0.05366602598590131,5.37,Moderate Risk
0,0.003974098727506143,0.4,Low Risk
0,0.07579090449524474,7.58,Moderate Risk
0,0.03370766671905649,3.37,Low Risk
0,0.04327122550230057,4.33,Moderate Risk
0,0.017922003879426055,1.79,Low Risk
0,0.040707967974570686,4.07,Moderate Risk
0,0.016803652980191052,1.68,Low Risk
0,0.01555573169301721,1.56,Low Risk
0,0.1948650401737165,19.49,High Risk
0,0.06849638961971907,6.85,Moderate Risk
0,0.0879481124464667,8.79,Moderate Risk
0,0.03654712369860432,3.65,Moderate Risk
0,0.015162211296531019,1.52,Low Risk
0,0.05209361141495259,5.21,Moderate Risk
0,0.04342538186993836,4.34,Moderate Risk
0,0.27183470610338767,27.18,Very High Risk
0,0.16219476990301918,16.22,High Risk
0,0.14508209624551052,14.51,High Risk
0,0.04331794558858578,4.33,Moderate Risk
0,0.9102092320119338,91.02,Very High Risk
0,0.6620286362601868,66.2,Very High Risk
0,0.02450824191741304,2.45,Low Risk
0,0.40639201264608393,40.64,Very High Risk
0,0.025867555417661593,2.59,Low Risk
0,0.25994848857501335,25.99,Very High Risk
0,0.028073887728599378,2.81,Low Risk
0,0.1146342120664405,11.46,High Risk
0,0.12985397149595718,12.99,High Risk
0,0.5921686325453034,59.22,Very High Risk
0,0.029866085407653068,2.99,Low Risk
0,0.019850071303407043,1.99,Low Risk
0,0.21941344199492974,21.94,High Risk
0,0.5762883070832424,57.63,Very High Risk
0,0.15324780190146242,15.32,High Risk
0,0.1500501126510777,15.01,High Risk
0,0.029479708797520026,2.95,Low Risk
0,0.02480624483020255,2.48,Low Risk
0,0.039729538415587115,3.97,Moderate Risk
0,0.6958208234323155,69.58,Very High Risk
0,0.039084941232825424,3.91,Moderate Risk
0,0.0009786387527365814,0.1,Low Risk
0,0.05758375139068237,5.76,Moderate Risk
0,0.3170997533728408,31.71,Very High Risk
0,0.8164229014879578,81.64,Very High Risk
0,0.03256402577463249,3.26,Low Risk
0,0.3272618490081736,32.73,Very High Risk
0,0.4479140988475313,44.79,Very High Risk
0,0.24592991932795427,24.59,Very High Risk
0,0.022122300311756445,2.21,Low Risk
0,0.03769673604039339,3.77,Moderate Risk
0,0.013093217122489594,1.31,Low Risk
0,0.6228553720592875,62.29,Very High Risk
0,0.06130831647728498,6.13,Moderate Risk
0,0.047328637663011805,4.73,Moderate Risk
0,0.06240826006030531,6.24,Moderate Risk
0,0.021298526188854538,2.13,Low Risk
0,0.044694342778397,4.47,Moderate Risk
0,0.007595768229080238,0.76,Low Risk
0,0.04475861751364198,4.48,Moderate Risk
0,0.3513309926952739,35.13,Very High Risk
0,0.08604683179640042,8.6,Moderate Risk
0,0.08156607756732627,8.16,Moderate Risk
0,0.1234722894264179,12.35,High Risk
0,0.04038570089883333,4.04,Moderate Risk
0,0.0040380146004342764,0.4,Low Risk
0,0.03614838445612199,3.61,Moderate Risk
0,0.0349188866745002,3.49,Moderate Risk
0,0.02133973652560175,2.13,Low Risk
0,0.3558866144476654,35.59,Very High Risk
0,0.05872359703982964,5.87,Moderate Risk
0,0.059896282095861716,5.99,Moderate Risk
0,0.12553682178049058,12.55,High Risk
0,0.013704716006910275,1.37,Low Risk
0,0.13892081818177063,13.89,High Risk
0,0.027877285347052153,2.79,Low Risk
0,0.15704076807363637,15.7,High Risk
0,0.20961881320000414,20.96,High Risk
0,0.056051392212314914,5.61,Moderate Risk
0,0.10278208651594106,10.28,High Risk
0,0.021889743656932168,2.19,Low Risk
0,0.134205083608394,13.42,High Risk
0,0.2779548685684426,27.8,Very High Risk
0,0.45069688709406225,45.07,Very High Risk
0,0.030459462510759077,3.05,Low Risk
0,0.020856336515717454,2.09,Low Risk
0,0.13755202501693084,13.76,High Risk
0,0.1837267214381369,18.37,High Risk
0,0.11158716379341467,11.16,High Risk
0,0.09988579555165243,9.99,High Risk
0,0.029199043116115903,2.92,Low Risk
0,0.09615664432427497,9.62,High Risk
0,0.10557897388799986,10.56,High Risk
0,0.016586569646587158,1.66,Low Risk
0,0.7681737406963552,76.82,Very High Risk
0,0.17347356241312128,17.35,High Risk
0,0.7012667666896163,70.13,Very High Risk
0,0.015766671381061435,1.58,Low Risk
0,0.32991943737467266,32.99,Very High Risk
0,0.8014899644975247,80.15,Very High Risk
0,0.08413638133805813,8.41,Moderate Risk
0,0.11310671125671753,11.31,High Risk
0,0.04863508798387907,4.86,Moderate Risk
0,0.741393784125582,74.14,Very High Risk
0,0.6079906782000369,60.8,Very High Risk
0,0.2628926506458668,26.29,Very High Risk
0,0.01291518922896993,1.29,Low Risk
0,0.004967403066537624,0.5,Low Risk
0,0.05223672428705955,5.22,Moderate Risk
0,0.2780491201523643,27.8,Very High Risk
0,0.030721784585215798,3.07,Low Risk
0,0.1242504239138232,12.43,High Risk
0,0.0041235973506800645,0.41,Low Risk
0,0.22638918974590672,22.64,High Risk
0,0.16484112599450107,16.48,High Risk
0,0.061259808887064414,6.13,Moderate Risk
0,0.13997273930222842,14.0,High Risk
0,0.09072874035696465,9.07,Moderate Risk
0,0.09769204003303934,9.77,High Risk
0,0.018719752945811626,1.87,Low Risk
0,0.010071396976025318,1.01,Low Risk
0,0.1678411663513456,16.78,High Risk
0,0.39406680508674674,39.41,Very High Risk
0,0.23993992656427307,23.99,Very High Risk
0,0.015584006358321969,1.56,Low Risk
0,0.007875459114568564,0.79,Low Risk
0,0.4532639191081218,45.33,Very High Risk
0,0.22895293791588434,22.9,High Risk
0,0.5200856704614493,52.01,Very High Risk
0,0.13241390692940044,13.24,High Risk
0,0.20391044507661915,20.39,High Risk
0,0.04387588780743214,4.39,Moderate Risk
0,0.009965517073380371,1.0,Low Risk
0,0.05160141679975732,5.16,Moderate Risk
0,0.00923217235469172,0.92,Low Risk
0,0.02631258225776742,2.63,Low Risk
0,0.9504527589738061,95.05,Very High Risk
0,0.03589706577466396,3.59,Moderate Risk
0,0.5448150227172628,54.48,Very High Risk
0,0.04708742746735838,4.71,Moderate Risk
0,0.021174491850221314,2.12,Low Risk
0,0.697012221789128,69.7,Very High Risk
0,0.024951578475008628,2.5,Low Risk
0,0.10940234947923141,10.94,High Risk
0,2.2163199496998638e-07,0.0,Low Risk
0,0.010538707627721402,1.05,Low Risk
0,0.22344930692149143,22.34,High Risk
0,0.2826726370944989,28.27,Very High Risk
0,0.17748007956730708,17.75,High Risk
0,0.03640723046285133,3.64,Moderate Risk
0,0.11322331372683114,11.32,High Risk
0,0.03001814755326898,3.0,Low Risk
0,0.06098481679809579,6.1,Moderate Risk
0,0.09514717977858012,9.51,High Risk
0,0.037507384730785936,3.75,Moderate Risk
0,0.2907452699900633,29.07,Very High Risk
0,0.05501897819678129,5.5,Moderate Risk
0,0.36782283090577644,36.78,Very High Risk
0,0.010393240652220392,1.04,Low Risk
0,0.17698174398595534,17.7,High Risk
0,0.22552410124398464,22.55,High Risk
0,0.08735180919886454,8.74,Moderate Risk
0,0.061224712016568324,6.12,Moderate Risk
0,0.08349815468720763,8.35,Moderate Risk
0,0.03170354137071639,3.17,Low Risk
0,0.2346932508760644,23.47,High Risk
0,0.44619998417561396,44.62,Very High Risk
0,0.30759048282186674,30.76,Very High Risk
0,0.1447797170371233,14.48,High Risk
0,0.1036357200786435,10.36,High Risk
0,0.542185703814903,54.22,Very High Risk
0,0.8061833190773823,80.62,Very High Risk
0,0.07157331733627181,7.16,Moderate Risk
0,0.0468308230121623,4.68,Moderate Risk
0,0.1463937723669313,14.64,High Risk
0,0.08499889560204522,8.5,Moderate Risk
0,0.005954342168022466,0.6,Low Risk
0,0.12365267272732039,12.37,High Risk
0,0.013570409353351078,1.36,Low Risk
0,0.05028896109225239,5.03,Moderate Risk
0,0.12845071298278718,12.85,High Risk
0,0.0048633081720425774,0.49,Low Risk
0,0.11098858897071245,11.1,High Risk
0,0.106888473971835,10.69,High Risk
0,0.06370316494824432,6.37,Moderate Risk
0,0.03978538853981494,3.98,Moderate Risk
0,0.45383488011836765,45.38,Very High Risk
0,0.002618471860538317,0.26,Low Risk
0,0.05684241144701735,5.68,Moderate Risk
0,0.03392307346813558,3.39,Low Risk
0,0.0075529531809198905,0.76,Low Risk
0,0.18673960773931508,18.67,High Risk
0,0.39688859771240403,39.69,Very High Risk
0,0.8838604707218229,88.39,Very High Risk
0,0.0028871470620114993,0.29,Low Risk
0,0.05088995999326491,5.09,Moderate Risk
0,0.049749053697696874,4.97,Moderate Risk
0,0.7994326284564516,79.94,Very High Risk
0,0.006627937370088186,0.66,Low Risk
0,0.5232092430743118,52.32,Very High Risk
0,0.0672934348975247,6.73,Moderate Risk
0,0.06630071894686655,6.63,Moderate Risk
0,0.007395258456701313,0.74,Low Risk
0,0.0028605465224784345,0.29,Low Risk
0,0.6635808944359739,66.36,Very High Risk
0,0.06872992049339331,6.87,Moderate Risk
0,0.2223513317371333,22.24,High Risk
0,0.2759074955548235,27.59,Very High Risk
0,0.0811853559259706,8.12,Moderate Risk
0,0.04211142606886836,4.21,Moderate Risk
0,0.018682147385574145,1.87,Low Risk
0,0.1511291727887948,15.11,High Risk
0,0.12628310983999566,12.63,High Risk
0,0.03891112844182458,3.89,Moderate Risk
0,0.14270050683139693,14.27,High Risk
0,0.05914764376670797,5.91,Moderate Risk
0,0.09297184717496113,9.3,Moderate Risk
0,0.017135384476499052,1.71,Low Risk
0,0.13046907893811802,13.05,High Risk
0,0.2964291113935477,29.64,Very High Risk
0,0.026419254363535153,2.64,Low Risk
0,0.37229891059840686,37.23,Very High Risk
0,0.014446884594181277,1.44,Low Risk
0,0.0631594869910884,6.32,Moderate Risk
0,0.20550213401797707,20.55,High Risk
0,0.05700817817651077,5.7,Moderate Risk
0,0.0513052829884592,5.13,Moderate Risk
0,0.5580804506054207,55.81,Very High Risk
0,0.03312655780946906,3.31,Low Risk
0,0.014292825466976316,1.43,Low Risk
0,0.2178120880018089,21.78,High Risk
0,0.15089005804033823,15.09,High Risk
0,0.11231741759186395,11.23,High Risk
0,0.08987133722140751,8.99,Moderate Risk
0,0.1926331587265819,19.26,High Risk
0,0.17259389279304843,17.26,High Risk
0,0.6579795165444313,65.8,Very High Risk
0,0.1048842375113633,10.49,High Risk
0,0.037086853177471284,3.71,Moderate Risk
0,0.3464057994011835,34.64,Very High Risk
0,0.04660385604647551,4.66,Moderate Risk
0,0.20621002177233785,20.62,High Risk
0,0.8068279703765091,80.68,Very High Risk
0,0.014036368562531765,1.4,Low Risk
0,0.6077204727816419,60.77,Very High Risk
0,0.03427058249228947,3.43,Low Risk
0,0.06591055054407077,6.59,Moderate Risk
0,0.11308237942868662,11.31,High Risk
0,0.15240462907783112,15.24,High Risk
0,0.021501458657428432,2.15,Low Risk
0,0.03879608033123388,3.88,Moderate Risk
0,0.2737592405680327,27.38,Very High Risk
0,0.00570202902589342,0.57,Low Risk
0,0.10855995763066134,10.86,High Risk
0,0.6974511520782919,69.75,Very High Risk
0,0.09190588466958413,9.19,Moderate Risk
0,0.9212555747052793,92.13,Very High Risk
0,0.09134416552278635,9.13,Moderate Risk
0,0.07649521098858296,7.65,Moderate Risk
0,0.08812686603285937,8.81,Moderate Risk
0,0.5631786885870874,56.32,Very High Risk
0,0.1712786334444183,17.13,High Risk
0,0.3504179355466379,35.04,Very High Risk
0,0.13189627583031344,13.19,High Risk
0,0.17634402420442424,17.63,High Risk
0,0.007108781965260768,0.71,Low Risk
0,0.031673451888884534,3.17,Low Risk
0,0.2889866704450875,28.9,Very High Risk
0,0.3669842442402549,36.7,Very High Risk
0,0.430831444316312,43.08,Very High Risk
0,0.1003997028249255,10.04,High Risk
1,0.14588469746075983,14.59,High Risk
0,0.03583052746437072,3.58,Moderate Risk
0,0.5226930831979616,52.27,Very High Risk
0,0.005445694016104668,0.54,Low Risk
0,0.09231805117503049,9.23,Moderate Risk
0,0.23515696495153016,23.52,High Risk
0,0.010295277145882758,1.03,Low Risk
0,0.004947472733979447,0.49,Low Risk
0,0.034030571650535545,3.4,Low Risk
0,0.15943510729397656,15.94,High Risk
0,0.08888685150639782,8.89,Moderate Risk
0,0.1067305301304434,10.67,High Risk
0,0.008718113615642707,0.87,Low Risk
0,0.051476847012103845,5.15,Moderate Risk
0,0.0030706051546245945,0.31,Low Risk
0,0.21132175051760854,21.13,High Risk
0,0.08209162567139665,8.21,Moderate Risk
0,0.22034191808543663,22.03,High Risk
0,0.2624170327987185,26.24,Very High Risk
0,0.059250286786819026,5.93,Moderate Risk
0,0.4754377374627273,47.54,Very High Risk
0,0.05638449728194955,5.64,Moderate Risk
0,0.02945226651884692,2.95,Low Risk
0,0.027818007208131615,2.78,Low Risk
0,0.08892767395920807,8.89,Moderate Risk
0,0.009086582621080315,0.91,Low Risk
0,0.19011961913476916,19.01,High Risk
0,0.13146256135976606,13.15,High Risk
0,0.7366730571945402,73.67,Very High Risk
0,0.673949063088238,67.39,Very High Risk
0,0.06137773796206475,6.14,Moderate Risk
0,0.07130760622248863,7.13,Moderate Risk
0,0.021045545742799543,2.1,Low Risk
0,0.6041532765997876,60.42,Very High Risk
0,0.08640494922239267,8.64,Moderate Risk
0,0.1501307434744923,15.01,High Risk
0,0.022953264125790605,2.3,Low Risk
0,0.46261147374375045,46.26,Very High Risk
0,0.41810610895016603,41.81,Very High Risk
0,0.044759547129770635,4.48,Moderate Risk
0,0.39454879500588796,39.45,Very High Risk
0,0.3773391975920279,37.73,Very High Risk
0,0.03934341656472268,3.93,Moderate Risk
0,0.5049388261255495,50.49,Very High Risk
0,0.00013006133923073457,0.01,Low Risk
0,0.04105839286746497,4.11,Moderate Risk
0,0.0938216972691234,9.38,Moderate Risk
0,0.024476917733495605,2.45,Low Risk
0,0.14728580528925192,14.73,High Risk
0,0.01670169103051195,1.67,Low Risk
0,0.27710454325152684,27.71,Very High Risk
0,0.09484627331249623,9.48,High Risk
0,0.17841473735403057,17.84,High Risk
0,0.03962289268310808,3.96,Moderate Risk
0,0.1914044763087398,19.14,High Risk
0,0.005788155934442987,0.58,Low Risk
0,0.08398391198436936,8.4,Moderate Risk
0,0.03947252887653782,3.95,Moderate Risk
0,0.09173461093835521,9.17,Moderate Risk
0,0.142437876106007,14.24,High Risk
0,0.07491628955990351,7.49,Moderate Risk
0,0.2697569685946576,26.98,Very High Risk
0,0.2081851617503946,20.82,High Risk
0,0.005068786373698609,0.51,Low Risk
0,0.0847601479946403,8.48,Moderate Risk
0,0.06006079620626283,6.01,Moderate Risk
0,0.003653966868562771,0.37,Low Risk
0,0.05132565186373575,5.13,Moderate Risk
0,0.0956575725111305,9.57,High Risk
0,0.08759398075889639,8.76,Moderate Risk
0,0.05241883464130687,5.24,Moderate Risk
0,0.05436762542427847,5.44,Moderate Risk
0,0.016225415884045736,1.62,Low Risk
0,0.022921641528074504,2.29,Low Risk
0,0.0696104765091065,6.96,Moderate Risk
0,0.026856595201600646,2.69,Low Risk
0,0.05201582564960235,5.2,Moderate Risk
0,0.11164990688866668,11.16,High Risk
0,0.026876818596536112,2.69,Low Risk
0,0.08791846755005203,8.79,Moderate Risk
0,0.026198759036000392,2.62,Low Risk
0,0.22302924327881826,22.3,High Risk
0,0.2856699964269773,28.57,Very High Risk
0,0.03296797098108605,3.3,Low Risk
0,0.17377314506682973,17.38,High Risk
0,0.013457033503842121,1.35,Low Risk
0,0.2902030592427112,29.02,Very High Risk
0,0.00109087286466647,0.11,Low Risk
0,0.006948123422043907,0.69,Low Risk
0,0.19078296294339858,19.08,High Risk
0,0.20808025268510522,20.81,High Risk
0,0.06820022084155353,6.82,Moderate Risk
0,0.010837603040533605,1.08,Low Risk
0,0.02866774481217304,2.87,Low Risk
0,0.04424023517333681,4.42,Moderate Risk
0,0.014132230316813344,1.41,Low Risk
0,0.42581235074013407,42.58,Very High Risk
0,0.050949762137068304,5.09,Moderate Risk
0,0.13706753907057712,13.71,High Risk
0,0.09323294554663221,9.32,Moderate Risk
0,0.09502398154900829,9.5,High Risk
0,0.1375958456926583,13.76,High Risk
0,0.021562838361377498,2.16,Low Risk
0,0.10129298282811536,10.13,High Risk
0,0.005377114364596905,0.54,Low Risk
0,0.04320405569346076,4.32,Moderate Risk
0,0.27740808018841684,27.74,Very High Risk
0,0.024006653216012273,2.4,Low Risk
1,0.010406891265448534,1.04,Low Risk
0,0.02711159768619838,2.71,Low Risk
0,0.06900183519332134,6.9,Moderate Risk
0,0.025185261697477042,2.52,Low Risk
0,0.03165491411774032,3.17,Low Risk
0,0.19003826619838274,19.0,High Risk
0,0.08176141024505518,8.18,Moderate Risk
0,0.01259422755840374,1.26,Low Risk
0,0.10025779600118206,10.03,High Risk
0,0.13088303502429546,13.09,High Risk
0,0.2541937125762765,25.42,Very High Risk
0,0.02175933895343723,2.18,Low Risk
0,0.09516409683428315,9.52,High Risk
0,0.02684402657065134,2.68,Low Risk
0,0.005205560037512553,0.52,Low Risk
0,0.18549027341284982,18.55,High Risk
0,0.06492711943005189,6.49,Moderate Risk
0,0.035678524551836906,3.57,Moderate Risk
0,0.053218045572437964,5.32,Moderate Risk
0,0.024480505854768585,2.45,Low Risk
0,0.14327237066304785,14.33,High Risk
0,0.12337556820926203,12.34,High Risk
0,0.01081245988609597,1.08,Low Risk
0,0.36984862287492176,36.98,Very High Risk
0,0.32365600943123846,32.37,Very High Risk
0,0.3789749607172741,37.9,Very High Risk
0,0.09908605172059895,9.91,High Risk
0,0.8778552054162622,87.79,Very High Risk
0,0.12047224171375696,12.05,High Risk
0,0.048986058025839954,4.9,Moderate Risk
0,0.027729557751909086,2.77,Low Risk
0,0.04079614745361719,4.08,Moderate Risk
0,0.02157172805956458,2.16,Low Risk
0,0.7134138144764788,71.34,Very High Risk
0,0.1747031230252474,17.47,High Risk
0,0.028470121252246076,2.85,Low Risk
0,0.28444763875528384,28.44,Very High Risk
0,0.04374013913386136,4.37,Moderate Risk
0,0.5656248216462709,56.56,Very High Risk
0,0.11048386065204403,11.05,High Risk
0,0.13482169184639436,13.48,High Risk
0,0.2109368058930515,21.09,High Risk
0,0.008892581059075323,0.89,Low Risk
0,0.050565769238145514,5.06,Moderate Risk
0,0.04382868083319119,4.38,Moderate Risk
0,0.24585084321056208,24.59,Very High Risk
0,0.8730949954743848,87.31,Very High Risk
0,0.051172776036350155,5.12,Moderate Risk
0,5.4745814836610476e-05,0.01,Low Risk
0,0.10939541902691108,10.94,High Risk
0,0.059251282604211954,5.93,Moderate Risk
0,0.2627295009598744,26.27,Very High Risk
0,0.39656039680044786,39.66,Very High Risk
0,0.05027246870443263,5.03,Moderate Risk
0,0.1975927513926487,19.76,High Risk
0,0.04866902018930579,4.87,Moderate Risk
0,0.3413452891099021,34.13,Very High Risk
0,0.01088536638449838,1.09,Low Risk
0,0.07692958957234683,7.69,Moderate Risk
0,0.031897038327110785,3.19,Low Risk
0,0.05585649748150564,5.59,Moderate Risk
0,0.06144708820992864,6.14,Moderate Risk
0,0.041719277114408856,4.17,Moderate Risk
1,0.25089052871047,25.09,Very High Risk
0,0.0032749899304103385,0.33,Low Risk
0,0.004102485916166989,0.41,Low Risk
0,0.33891921231520195,33.89,Very High Risk
0,0.04565864540856537,4.57,Moderate Risk
0,0.47810958081681665,47.81,Very High Risk
0,0.027094769130178945,2.71,Low Risk
1,0.4817501830533666,48.18,Very High Risk
0,0.01836194729975868,1.84,Low Risk
0,0.12301403877006706,12.3,High Risk
0,0.1020905544790994,10.21,High Risk
0,0.8155741506460593,81.56,Very High Risk
0,0.006845929046455192,0.68,Low Risk
0,0.06511981868684115,6.51,Moderate Risk
0,0.752064030075086,75.21,Very High Risk
0,0.09521579409007684,9.52,High Risk
0,0.023310414497432708,2.33,Low Risk
0,0.03727731573151563,3.73,Moderate Risk
0,0.03022899146660937,3.02,Low Risk
0,0.03811932648511182,3.81,Moderate Risk
0,0.373550548574186,37.36,Very High Risk
0,0.10538082460488919,10.54,High Risk
0,0.04171377233946509,4.17,Moderate Risk
0,0.08065238930975147,8.07,Moderate Risk
0,0.3937734548279971,39.38,Very High Risk
0,0.16452772666013646,16.45,High Risk
0,0.1173110661453926,11.73,High Risk
0,0.02598317233533817,2.6,Low Risk
0,0.6817865390779349,68.18,Very High Risk
0,0.09761905930124229,9.76,High Risk
0,0.0690291357827479,6.9,Moderate Risk
0,0.05063308404839964,5.06,Moderate Risk
0,0.14215442003244577,14.22,High Risk
0,0.007092849271730639,0.71,Low Risk
0,0.037829247443534456,3.78,Moderate Risk
0,0.11753800088918784,11.75,High Risk
0,0.014921437614377791,1.49,Low Risk
0,0.05655295461006643,5.66,Moderate Risk
0,0.025664966328227883,2.57,Low Risk
0,0.13005942325250683,13.01,High Risk
0,0.013438868748313746,1.34,Low Risk
0,0.09611153174805037,9.61,High Risk
0,0.284063929016019,28.41,Very High Risk
0,0.2263773690980838,22.64,High Risk
0,0.030911094907288713,3.09,Low Risk
0,0.005607889038134908,0.56,Low Risk
0,0.7418662589736712,74.19,Very High Risk
0,0.22295095052983815,22.3,High Risk
0,0.04932313453136149,4.93,Moderate Risk
0,0.008162279655793506,0.82,Low Risk
0,0.030581188127268847,3.06,Low Risk
0,0.052849511807836425,5.28,Moderate Risk
0,0.02259544099375165,2.26,Low Risk
0,0.049047730503625576,4.9,Moderate Risk
0,0.4561694810251622,45.62,Very High Risk
0,0.49968533068207527,49.97,Very High Risk
0,0.22102224735855502,22.1,High Risk
0,0.005966658255800836,0.6,Low Risk
0,0.1384073012240579,13.84,High Risk
0,0.08312661998306631,8.31,Moderate Risk
0,0.018007417055430384,1.8,Low Risk
0,0.05867362353049844,5.87,Moderate Risk
0,0.03646529560530138,3.65,Moderate Risk
0,0.2885216275796734,28.85,Very High Risk
0,0.012094702040366397,1.21,Low Risk
0,0.10093546650059254,10.09,High Risk
0,0.3496506425874523,34.97,Very High Risk
0,0.028916980473927194,2.89,Low Risk
0,0.15130764253388274,15.13,High Risk
0,0.08488273178785145,8.49,Moderate Risk
0,0.026081486859883363,2.61,Low Risk
0,0.5182995340157122,51.83,Very High Risk
0,0.20387940709584254,20.39,High Risk
0,0.0531707902175006,5.32,Moderate Risk
0,0.004190250003432398,0.42,Low Risk
0,0.0002807428760027531,0.03,Low Risk
0,0.1416610435013822,14.17,High Risk
0,0.0061300806603109695,0.61,Low Risk
0,0.004525061419994352,0.45,Low Risk
0,0.6207950414974762,62.08,Very High Risk
0,0.0021976404181867104,0.22,Low Risk
0,0.0158341478641607,1.58,Low Risk
0,0.05969928243995775,5.97,Moderate Risk
0,0.1528970397765602,15.29,High Risk
0,0.29056804314024004,29.06,Very High Risk
0,0.0038109337920827985,0.38,Low Risk
0,0.060960727598119054,6.1,Moderate Risk
0,0.07206661383403286,7.21,Moderate Risk
0,0.24981500425835745,24.98,Very High Risk
0,0.041628983678593155,4.16,Moderate Risk
0,0.01205863950299952,1.21,Low Risk
0,0.4050428662543947,40.5,Very High Risk
0,0.06085275370134751,6.09,Moderate Risk
0,0.0736745137124539,7.37,Moderate Risk
0,0.039787301374041226,3.98,Moderate Risk
0,0.009877001453967589,0.99,Low Risk
0,0.08263483354382249,8.26,Moderate Risk
0,0.01861495742326707,1.86,Low Risk
0,0.006381370617331248,0.64,Low Risk
0,0.07510876140435456,7.51,Moderate Risk
0,0.07031408693516573,7.03,Moderate Risk
0,0.16545524436089784,16.55,High Risk
0,0.2906398181498571,29.06,Very High Risk
0,0.3646403916869057,36.46,Very High Risk
0,0.1933733961405067,19.34,High Risk
0,0.02718945907731263,2.72,Low Risk
0,0.4298889630111518,42.99,Very High Risk
0,0.1966479866507171,19.66,High Risk
0,0.08260173972962044,8.26,Moderate Risk
0,0.0007859556650798245,0.08,Low Risk
0,0.9681571758116095,96.82,Very High Risk
0,0.5301414097541189,53.01,Very High Risk
0,0.1588779402093815,15.89,High Risk
0,0.10195726633356772,10.2,High Risk
0,0.03348200496038658,3.35,Low Risk
0,0.016959617839220703,1.7,Low Risk
0,0.15902989048519378,15.9,High Risk
0,0.05807012294669037,5.81,Moderate Risk
0,0.04209868870256824,4.21,Moderate Risk
0,0.19809217055590522,19.81,High Risk
0,0.2807668303247046,28.08,Very High Risk
0,0.09572983024013386,9.57,High Risk
0,0.2340163796446738,23.4,High Risk
0,0.3403744006945666,34.04,Very High Risk
0,0.1700449064070592,17.0,High Risk
0,0.11681041571350471,11.68,High Risk
0,0.004523045292411466,0.45,Low Risk
0,0.018533474250782955,1.85,Low Risk
0,0.01753590140915406,1.75,Low Risk
1,0.004026351058143147,0.4,Low Risk
0,0.6045151384082846,60.45,Very High Risk
0,0.06571785479149402,6.57,Moderate Risk
0,0.007196368529269375,0.72,Low Risk
0,0.003554829712523565,0.36,Low Risk
0,0.2886060237149942,28.86,Very High Risk
0,0.07744656723672133,7.74,Moderate Risk
0,0.29526967958694084,29.53,Very High Risk
0,0.14844821902109318,14.84,High Risk
0,0.028283019410799175,2.83,Low Risk
0,0.8465045309600976,84.65,Very High Risk
0,0.45268270381418796,45.27,Very High Risk
0,0.09980486836319526,9.98,High Risk
0,0.012650204032660496,1.27,Low Risk
0,0.011005930514141886,1.1,Low Risk
0,0.04772678017367566,4.77,Moderate Risk
0,0.08008869826319623,8.01,Moderate Risk
0,0.01497574131322349,1.5,Low Risk
0,0.005202753411464946,0.52,Low Risk
0,0.1969360843138579,19.69,High Risk
0,0.06532522848873681,6.53,Moderate Risk
0,0.03835065672014333,3.84,Moderate Risk
0,0.006157406462097668,0.62,Low Risk
0,0.24024483349890327,24.02,Very High Risk
0,0.7729071631453643,77.29,Very High Risk
0,0.006611157858403673,0.66,Low Risk
0,0.23034295942585103,23.03,High Risk
0,0.09962007901237678,9.96,High Risk
0,0.07948436856696343,7.95,Moderate Risk
0,0.09101187556790939,9.1,Moderate Risk
0,0.017335419521676824,1.73,Low Risk
0,0.8429443649131305,84.29,Very High Risk
0,0.00914732115709303,0.91,Low Risk
0,0.27314308846145163,27.31,Very High Risk
0,0.03116464528467085,3.12,Low Risk
0,0.4649388127870284,46.49,Very High Risk
0,0.060367689625584794,6.04,Moderate Risk
0,0.030349607965743788,3.03,Low Risk
0,0.18093089670628343,18.09,High Risk
0,0.3972319520131465,39.72,Very High Risk
0,0.1662947451261816,16.63,High Risk
0,0.09733055363540791,9.73,High Risk
0,0.1853655458375758,18.54,High Risk
0,0.3913912830896135,39.14,Very High Risk
0,0.11824960892255526,11.82,High Risk
0,0.006456418921748285,0.65,Low Risk
0,0.007047204832498043,0.7,Low Risk
0,0.05757544479766207,5.76,Moderate Risk
0,0.22228033677954917,22.23,High Risk
0,0.3614858693256062,36.15,Very High Risk
0,0.11278687303760243,11.28,High Risk
0,0.21351484296186743,21.35,High Risk
0,0.08205650857542673,8.21,Moderate Risk
0,0.033924986730439234,3.39,Low Risk
0,0.43628549509164627,43.63,Very High Risk
0,0.019234622848562775,1.92,Low Risk
0,0.04837060573009491,4.84,Moderate Risk
0,0.07340657608598875,7.34,Moderate Risk
0,0.2466176950749154,24.66,Very High Risk
0,0.040996171026332635,4.1,Moderate Risk
0,0.08947680417895379,8.95,Moderate Risk
0,0.00892886531741176,0.89,Low Risk
0,0.014352675722191312,1.44,Low Risk
0,0.16569506378175142,16.57,High Risk
0,0.8665524883402645,86.66,Very High Risk
0,0.0671727700787497,6.72,Moderate Risk
0,0.0024944944298473876,0.25,Low Risk
0,0.5369877201839586,53.7,Very High Risk
0,0.011499956792819475,1.15,Low Risk
0,0.8428404248147705,84.28,Very High Risk
0,0.4683654101975395,46.84,Very High Risk
0,0.011991365173012563,1.2,Low Risk
0,0.8413852667447993,84.14,Very High Risk
0,0.0034979703507024883,0.35,Low Risk
0,0.023512860934204786,2.35,Low Risk
0,0.1063981743637441,10.64,High Risk
0,0.06426879043786338,6.43,Moderate Risk
0,0.12862777712106327,12.86,High Risk
0,0.18153665720618742,18.15,High Risk
0,0.09935498362500181,9.94,High Risk
0,0.3877422253869415,38.77,Very High Risk
0,0.09966000048226269,9.97,High Risk
0,0.18662697132433773,18.66,High Risk
0,0.7268100895249356,72.68,Very High Risk
0,0.8134843772846008,81.35,Very High Risk
0,0.3362321651292847,33.62,Very High Risk
0,0.7341615279962521,73.42,Very High Risk
1,0.04304884515769277,4.3,Moderate Risk
0,0.2905482183215225,29.05,Very High Risk
0,0.23267544123200376,23.27,High Risk
0,0.1427337193245688,14.27,High Risk
0,0.18668483676789335,18.67,High Risk
1,0.16771466818821076,16.77,High Risk
0,0.007110648815144997,0.71,Low Risk
0,0.04713316061073906,4.71,Moderate Risk
0,0.09722921492773431,9.72,High Risk
0,0.331307951340975,33.13,Very High Risk
0,0.06539087476430847,6.54,Moderate Risk
0,0.2924119298211713,29.24,Very High Risk
0,0.07421057040207742,7.42,Moderate Risk
0,0.02983306594779136,2.98,Low Risk
0,0.008662034832297228,0.87,Low Risk
0,0.1486378552251138,14.86,High Risk
0,0.11507215149811648,11.51,High Risk
0,0.3896845223952907,38.97,Very High Risk
1,0.04478735322806004,4.48,Moderate Risk
0,0.033809183109821735,3.38,Low Risk
0,0.01991676925424861,1.99,Low Risk
0,0.07563489814212698,7.56,Moderate Risk
0,0.05214520317790103,5.21,Moderate Risk
0,0.04165648518780378,4.17,Moderate Risk
0,0.45661130742739753,45.66,Very High Risk
0,0.1469955659911355,14.7,High Risk
0,0.10820337103343915,10.82,High Risk
0,0.020931294936748543,2.09,Low Risk
0,0.044989750835230546,4.5,Moderate Risk
0,0.007931414317920018,0.79,Low Risk
0,0.33542952461169007,33.54,Very High Risk
0,0.025923814176587113,2.59,Low Risk
0,0.0573670718976003,5.74,Moderate Risk
0,0.06920017903002322,6.92,Moderate Risk
0,0.03888868241416047,3.89,Moderate Risk
0,0.018211330429279884,1.82,Low Risk
0,0.02743302125234076,2.74,Low Risk
0,0.4847654814157831,48.48,Very High Risk
0,0.026730209496001363,2.67,Low Risk
0,0.16141340688966752,16.14,High Risk
1,0.0072673723933154655,0.73,Low Risk
0,0.04910663900600708,4.91,Moderate Risk
0,0.01584208775749732,1.58,Low Risk
0,0.32033635420778706,32.03,Very High Risk
0,0.404433371747163,40.44,Very High Risk
0,0.02850380409105221,2.85,Low Risk
0,0.10806476337311206,10.81,High Risk
0,0.34488433386905243,34.49,Very High Risk
0,0.06418432737641627,6.42,Moderate Risk
0,0.3781264256645265,37.81,Very High Risk
0,0.011874843359382771,1.19,Low Risk
0,0.042169376409599744,4.22,Moderate Risk
0,0.009828495091192149,0.98,Low Risk
0,0.03077549104420665,3.08,Low Risk
0,0.32200846550301404,32.2,Very High Risk
0,0.07296974391005304,7.3,Moderate Risk
0,0.02514984118074202,2.51,Low Risk
0,0.16764986161632403,16.76,High Risk
0,0.020687202807922002,2.07,Low Risk
0,0.7754307934576861,77.54,Very High Risk
0,0.2170695515708095,21.71,High Risk
0,0.21240515144529454,21.24,High Risk
0,0.036017948478130266,3.6,Moderate Risk
0,0.10716429102260654,10.72,High Risk
0,0.043366268467877896,4.34,Moderate Risk
0,0.03542187921161631,3.54,Moderate Risk
0,0.27316671773548307,27.32,Very High Risk
0,0.0034448146762610767,0.34,Low Risk
0,0.18513486333857346,18.51,High Risk
0,0.2997573205214452,29.98,Very High Risk
0,0.0018143758529407293,0.18,Low Risk
0,0.07782868849129077,7.78,Moderate Risk
0,0.22536430150949888,22.54,High Risk
0,0.0751640888960394,7.52,Moderate Risk
0,0.27343506615661517,27.34,Very High Risk
0,0.021595143854314644,2.16,Low Risk
0,0.24652348946415195,24.65,Very High Risk
0,0.03886787108501567,3.89,Moderate Risk
0,0.05074018812822173,5.07,Moderate Risk
0,0.396024203848258,39.6,Very High Risk
0,0.004820370067358153,0.48,Low Risk
0,0.0769581472812339,7.7,Moderate Risk
0,0.17298074458172785,17.3,High Risk
0,0.01498930223226574,1.5,Low Risk
0,0.45321267851566344,45.32,Very High Risk
0,0.010153711789598126,1.02,Low Risk
0,0.020577416223361872,2.06,Low Risk
0,0.022514296606682364,2.25,Low Risk
0,0.037077729345930614,3.71,Moderate Risk
0,0.08089795401367776,8.09,Moderate Risk
0,0.04057034936774882,4.06,Moderate Risk
0,0.0830021790364178,8.3,Moderate Risk
0,0.06501742890159591,6.5,Moderate Risk
0,0.3907096552328134,39.07,Very High Risk
0,0.06522169403372809,6.52,Moderate Risk
0,0.0028899464622229596,0.29,Low Risk
0,0.05573105657276069,5.57,Moderate Risk
0,0.018210060799538387,1.82,Low Risk
0,0.09482548641526284,9.48,High Risk
1,0.9747492367161141,97.47,Very High Risk
0,0.020136727171727355,2.01,Low Risk
0,0.03223882506592588,3.22,Low Risk
0,0.31846865677268,31.85,Very High Risk
0,0.035451471540134324,3.55,Moderate Risk
0,0.014882939362982517,1.49,Low Risk
0,0.18175691286974388,18.18,High Risk
0,0.08533397032036737,8.53,Moderate Risk
0,0.022835140035831366,2.28,Low Risk
0,0.05305963462002842,5.31,Moderate Risk
0,0.022436393734648938,2.24,Low Risk
0,0.10524278591293662,10.52,High Risk
0,0.9456566164365986,94.57,Very High Risk
0,0.36255859247544187,36.26,Very High Risk
0,0.4924593413568472,49.25,Very High Risk
0,0.13017274597551715,13.02,High Risk
0,0.0013990975693605385,0.14,Low Risk
0,0.3861794429865832,38.62,Very High Risk
0,0.05188041204962321,5.19,Moderate Risk
1,0.27364470154015175,27.36,Very High Risk
0,0.020106069029090186,2.01,Low Risk
0,0.10210575721474612,10.21,High Risk
0,0.007702912362323569,0.77,Low Risk
0,0.17978230527295508,17.98,High Risk
0,0.05858946383608737,5.86,Moderate Risk
0,0.24029788594727908,24.03,Very High Risk
0,0.26355023860749766,26.36,Very High Risk
0,0.34725711223287653,34.73,Very High Risk
0,0.05842532714672916,5.84,Moderate Risk
0,0.11847744608984542,11.85,High Risk
0,0.740160276288362,74.02,Very High Risk
0,0.35412447644335276,35.41,Very High Risk
0,0.04712719868949922,4.71,Moderate Risk
0,0.45144713291337474,45.14,Very High Risk
0,0.19600126157987358,19.6,High Risk
0,0.18540007584929616,18.54,High Risk
0,0.08849262961100413,8.85,Moderate Risk
0,0.024528026888103127,2.45,Low Risk
0,0.009703176422496237,0.97,Low Risk
0,0.17489904876621112,17.49,High Risk
0,0.02845768799274911,2.85,Low Risk
0,0.011457447917063018,1.15,Low Risk
0,0.2080021005001713,20.8,High Risk
0,0.14238667265755447,14.24,High Risk
0,0.08599871190706147,8.6,Moderate Risk
0,0.27147171128710373,27.15,Very High Risk
0,0.4390415717742017,43.9,Very High Risk
0,0.03549392341808218,3.55,Moderate Risk
0,0.1632321986078161,16.32,High Risk
0,0.05582783546528732,5.58,Moderate Risk
0,0.2018386915562523,20.18,High Risk
0,0.015420305963621976,1.54,Low Risk
0,0.08778110144019555,8.78,Moderate Risk
0,0.8080967627157933,80.81,Very High Risk
0,0.02430034997724654,2.43,Low Risk
0,0.009109209828394043,0.91,Low Risk
0,0.09551507890928707,9.55,High Risk
0,0.11937219471153972,11.94,High Risk
0,0.008683759827780309,0.87,Low Risk
1,0.20868772570876457,20.87,High Risk
0,0.057048420245791945,5.7,Moderate Risk
0,0.1470240548095397,14.7,High Risk
0,0.016691603812333023,1.67,Low Risk
0,0.4739225604937433,47.39,Very High Risk
0,0.24275003699881492,24.28,Very High Risk
0,0.6163074196611272,61.63,Very High Risk
0,0.021432438289567587,2.14,Low Risk
0,0.370921395185558,37.09,Very High Risk
0,0.05839204288826154,5.84,Moderate Risk
0,0.05295230559340369,5.3,Moderate Risk
0,0.5521487884580966,55.21,Very High Risk
0,0.1415233934477147,14.15,High Risk
0,0.07505585703236965,7.51,Moderate Risk
0,0.1361131725230774,13.61,High Risk
0,0.008435466690410506,0.84,Low Risk
0,0.09500932528749276,9.5,High Risk
0,0.15790733951671054,15.79,High Risk
0,0.005326083619958928,0.53,Low Risk
0,0.09897464051411747,9.9,High Risk
0,0.07931562682134813,7.93,Moderate Risk
0,0.13758841502913136,13.76,High Risk
0,0.05334124366947148,5.33,Moderate Risk
0,0.16623026917053568,16.62,High Risk
0,0.009468555770125788,0.95,Low Risk
0,0.04739282665693848,4.74,Moderate Risk
0,0.3671263018608891,36.71,Very High Risk
0,0.11010804248782859,11.01,High Risk
0,0.013875850208244804,1.39,Low Risk
0,0.07825910422972997,7.83,Moderate Risk
0,0.5061484301313038,50.61,Very High Risk
0,0.0032062783491514893,0.32,Low Risk
0,0.034296407945500144,3.43,Low Risk
0,0.44936400455517744,44.94,Very High Risk
0,0.08067518762183759,8.07,Moderate Risk
0,0.021800228373395375,2.18,Low Risk
0,0.47164564390059976,47.16,Very High Risk
0,0.013379900054689567,1.34,Low Risk
0,0.23249551767299703,23.25,High Risk
0,0.05419848772015174,5.42,Moderate Risk
0,0.11785508031416012,11.79,High Risk
0,0.37604963238294076,37.6,Very High Risk
0,0.01635102839536398,1.64,Low Risk
0,0.07842295860500226,7.84,Moderate Risk
0,0.45298725857586164,45.3,Very High Risk
0,0.006378741573267982,0.64,Low Risk
0,0.017267405295633132,1.73,Low Risk
0,0.1648483395490442,16.48,High Risk
0,0.6409981602420033,64.1,Very High Risk
0,0.09619041818927881,9.62,High Risk
0,0.09875322791442774,9.88,High Risk
0,0.081112567233869,8.11,Moderate Risk
0,0.014546100904925677,1.45,Low Risk
0,0.03429881295438109,3.43,Low Risk
0,0.238098704016469,23.81,Very High Risk
0,0.11167495209377672,11.17,High Risk
0,0.14602731487207224,14.6,High Risk
0,0.20133070728837207,20.13,High Risk
0,0.024377956457299607,2.44,Low Risk
0,0.09606857334766097,9.61,High Risk
0,0.009739844981566851,0.97,Low Risk
0,0.008837185503205638,0.88,Low Risk
0,0.006705375727086363,0.67,Low Risk
0,0.060822868186718115,6.08,Moderate Risk
0,0.17676196441397501,17.68,High Risk
0,0.1143310612482839,11.43,High Risk
0,0.29563011741816164,29.56,Very High Risk
0,0.5775140123996194,57.75,Very High Risk
0,0.10762273461944678,10.76,High Risk
0,0.12909752801030586,12.91,High Risk
0,0.33846918574883356,33.85,Very High Risk
0,0.14311508868198172,14.31,High Risk
0,0.18279855541360118,18.28,High Risk
0,0.19627235492640194,19.63,High Risk
0,0.025161140430726415,2.52,Low Risk
0,0.028793884422080175,2.88,Low Risk
0,0.031199831759137032,3.12,Low Risk
0,0.19435999427492504,19.44,High Risk
0,0.012725007158382208,1.27,Low Risk
0,0.04314543500632534,4.31,Moderate Risk
0,0.029351990435162442,2.94,Low Risk
0,0.0022471432090037683,0.22,Low Risk
0,0.22279988886462881,22.28,High Risk
0,0.011660874807930667,1.17,Low Risk
0,0.07471071402705899,7.47,Moderate Risk
0,0.1775524717781514,17.76,High Risk
0,0.31950117776865256,31.95,Very High Risk
0,0.34820069500022727,34.82,Very High Risk
0,0.016244520475984053,1.62,Low Risk
0,0.12329369742081028,12.33,High Risk
0,0.09310338920107837,9.31,Moderate Risk
0,0.1534570626986557,15.35,High Risk
0,0.07778274827184387,7.78,Moderate Risk
0,0.11963937823736889,11.96,High Risk
0,0.09100544708382237,9.1,Moderate Risk
0,0.0362321684123105,3.62,Moderate Risk
0,0.1485489233425641,14.85,High Risk
0,0.3742221598109536,37.42,Very High Risk
0,0.05798746049087408,5.8,Moderate Risk
0,0.04324375484392535,4.32,Moderate Risk
0,0.018296392450920188,1.83,Low Risk
0,0.15640379133823643,15.64,High Risk
0,0.08019682771168703,8.02,Moderate Risk
0,0.1478345020182114,14.78,High Risk
0,0.009633193373731674,0.96,Low Risk
0,0.33557018947931055,33.56,Very High Risk
0,0.29325383729558596,29.33,Very High Risk
0,0.05655356375372573,5.66,Moderate Risk
0,0.1642044882690102,16.42,High Risk
0,0.04148267460692494,4.15,Moderate Risk
0,0.013691049486188963,1.37,Low Risk
0,0.027942958944307268,2.79,Low Risk
0,0.3990594797127565,39.91,Very High Risk
0,0.0815476504338179,8.15,Moderate Risk
0,0.06911849529943473,6.91,Moderate Risk
0,0.08881167339383153,8.88,Moderate Risk
0,0.9319300594670906,93.19,Very High Risk
1,0.20971429873487638,20.97,High Risk
0,0.2787528627981747,27.88,Very High Risk
0,0.2895814980986209,28.96,Very High Risk
0,0.017915851062602975,1.79,Low Risk
0,0.2142603523488615,21.43,High Risk
0,0.2255198420964379,22.55,High Risk
0,0.025408620456166566,2.54,Low Risk
0,0.534451087712128,53.45,Very High Risk
0,0.2654030098691479,26.54,Very High Risk
0,0.0292205532761507,2.92,Low Risk
0,0.01747345840557176,1.75,Low Risk
0,0.19007430175538095,19.01,High Risk
0,0.5316098194735137,53.16,Very High Risk
0,0.5547133879870134,55.47,Very High Risk
0,0.035258712145688466,3.53,Moderate Risk
0,0.3231515178438367,32.32,Very High Risk
0,0.2715680822192873,27.16,Very High Risk
0,0.11143648331527145,11.14,High Risk
0,0.05201309442569259,5.2,Moderate Risk
0,0.1568782259763609,15.69,High Risk
0,0.00867811409033189,0.87,Low Risk
0,0.022807491388053085,2.28,Low Risk
0,0.11116753427099108,11.12,High Risk
0,0.14636376415051217,14.64,High Risk
0,0.04676377883206509,4.68,Moderate Risk
0,0.020840538634733324,2.08,Low Risk
0,0.3074636875843283,30.75,Very High Risk
0,0.12850056871627447,12.85,High Risk
0,0.4767511687223265,47.68,Very High Risk
0,0.3184933614844374,31.85,Very High Risk
0,0.07282106980868579,7.28,Moderate Risk
0,0.12216160957494991,12.22,High Risk
0,0.035240971172631974,3.52,Moderate Risk
0,0.010072627655377602,1.01,Low Risk
0,0.2313774058341843,23.14,High Risk
0,0.060543620927057416,6.05,Moderate Risk
0,0.16743389817926024,16.74,High Risk
0,0.4171384684426914,41.71,Very High Risk
0,0.06907295052007208,6.91,Moderate Risk
0,0.03472687103871431,3.47,Low Risk
0,0.003694054694784949,0.37,Low Risk
0,0.05502517424463732,5.5,Moderate Risk
0,0.11753862816522935,11.75,High Risk
0,0.13938318485141743,13.94,High Risk
0,0.04987504508245297,4.99,Moderate Risk
0,0.03863354120691713,3.86,Moderate Risk
0,0.03137952511049132,3.14,Low Risk
0,0.1445656264231874,14.46,High Risk
0,0.03268327561923127,3.27,Low Risk
0,0.018568998291589,1.86,Low Risk
0,0.22000952445305902,22.0,High Risk
0,0.04357070590513688,4.36,Moderate Risk
0,0.03169749470728389,3.17,Low Risk
0,0.09378508068282382,9.38,Moderate Risk
0,0.38443303503107756,38.44,Very High Risk
0,0.46794535590219344,46.79,Very High Risk
0,0.1911722078902974,19.12,High Risk
0,0.00033843625752787957,0.03,Low Risk
0,0.14931783736704005,14.93,High Risk
0,0.13056106924603234,13.06,High Risk
0,0.19424915523048725,19.42,High Risk
0,0.4501593559685611,45.02,Very High Risk
0,0.07165219145401087,7.17,Moderate Risk
0,0.2974656559139358,29.75,Very High Risk
0,0.5371740293985631,53.72,Very High Risk
0,0.16304758058537205,16.3,High Risk
0,0.03495179701676627,3.5,Moderate Risk
0,0.011498725369127537,1.15,Low Risk
0,0.04139943103013028,4.14,Moderate Risk
0,0.015103755418462796,1.51,Low Risk
0,0.07197230480295315,7.2,Moderate Risk
0,0.02670757213423912,2.67,Low Risk
0,0.011787389669010002,1.18,Low Risk
0,0.056757105371700464,5.68,Moderate Risk
0,0.0323415015732452,3.23,Low Risk
0,0.19296972397635506,19.3,High Risk
0,0.14854935425722204,14.85,High Risk
0,0.03515719239258281,3.52,Moderate Risk
0,0.5619251231793948,56.19,Very High Risk
0,0.5189664984720076,51.9,Very High Risk
0,0.08138688994668816,8.14,Moderate Risk
0,0.01004788589433204,1.0,Low Risk
0,0.009149265454574684,0.91,Low Risk
0,0.27414080625313586,27.41,Very High Risk
0,0.23165879258055175,23.17,High Risk
0,0.0003235571010131896,0.03,Low Risk
0,0.05256345818098014,5.26,Moderate Risk
0,0.007478929765649776,0.75,Low Risk
0,0.37741957939948195,37.74,Very High Risk
1,0.15425559897573998,15.43,High Risk
0,0.7614852423081562,76.15,Very High Risk
0,0.035582430223699994,3.56,Moderate Risk
0,0.06449835845544591,6.45,Moderate Risk
0,0.25643382476471477,25.64,Very High Risk
0,0.182366711399129,18.24,High Risk
0,0.09272142177206094,9.27,Moderate Risk
0,0.005556906257235571,0.56,Low Risk
0,0.0008526756256845136,0.09,Low Risk
0,0.3588923275542362,35.89,Very High Risk
0,0.06333160839896132,6.33,Moderate Risk
0,0.6144552960568713,61.45,Very High Risk
0,0.08944203872048256,8.94,Moderate Risk
0,0.09815607268473087,9.82,High Risk
0,0.017509577488278177,1.75,Low Risk
0,0.20330017047567245,20.33,High Risk
0,0.2118677987693072,21.19,High Risk
0,0.06020231142751236,6.02,Moderate Risk
0,0.02200330468901639,2.2,Low Risk
0,0.08889121552073619,8.89,Moderate Risk
0,0.17521642706162205,17.52,High Risk
0,0.22061668681303695,22.06,High Risk
0,0.034650921074116055,3.47,Low Risk
0,0.04405867364221009,4.41,Moderate Risk
0,0.08480630351928853,8.48,Moderate Risk
0,0.12851257323737697,12.85,High Risk
0,0.07922602261997165,7.92,Moderate Risk
0,0.08493769541688037,8.49,Moderate Risk
0,0.07627511454960074,7.63,Moderate Risk
0,0.1177886602131594,11.78,High Risk
0,0.0175216160585063,1.75,Low Risk
0,0.2233760110967633,22.34,High Risk
0,0.07880402224692211,7.88,Moderate Risk
0,0.08135406891214009,8.14,Moderate Risk
0,0.040472803718479236,4.05,Moderate Risk
0,0.3592439232362555,35.92,Very High Risk
0,0.0014968903016648564,0.15,Low Risk
0,0.4634107578169326,46.34,Very High Risk
0,0.7247834675173408,72.48,Very High Risk
0,0.1259910958978818,12.6,High Risk
0,0.11266811630095165,11.27,High Risk
0,0.23062126138920797,23.06,High Risk
0,0.03620555232111075,3.62,Moderate Risk
0,0.13492927939567256,13.49,High Risk
0,0.16673975185200582,16.67,High Risk
0,0.023714757267153965,2.37,Low Risk
0,0.1647789366982554,16.48,High Risk
0,0.054470361792689784,5.45,Moderate Risk
1,0.17554342288761615,17.55,High Risk
0,0.3885690582913232,38.86,Very High Risk
0,0.3349440503299863,33.49,Very High Risk
0,0.5787938371075414,57.88,Very High Risk
0,0.10830725457036199,10.83,High Risk
0,0.15563960004147698,15.56,High Risk
0,0.05547027454190265,5.55,Moderate Risk
0,0.8534818863463243,85.35,Very High Risk
0,0.2380322508056805,23.8,Very High Risk
0,0.01704937943821236,1.7,Low Risk
0,0.02145704738645276,2.15,Low Risk
0,0.01161495192902581,1.16,Low Risk
0,0.008765087360763679,0.88,Low Risk
0,0.10043162407273458,10.04,High Risk
0,0.38333720811028227,38.33,Very High Risk
0,0.3292099200406104,32.92,Very High Risk
0,0.5006340757642064,50.06,Very High Risk
0,0.11581689808121978,11.58,High Risk
0,0.030564861364990398,3.06,Low Risk
0,0.12564740309465894,12.56,High Risk
0,0.06619217432552847,6.62,Moderate Risk
0,0.29840372325785447,29.84,Very High Risk
0,0.12823804419900794,12.82,High Risk
0,0.1457074878724459,14.57,High Risk
0,0.15655676783669434,15.66,High Risk
0,0.056698347663315475,5.67,Moderate Risk
0,0.4311924895413133,43.12,Very High Risk
0,0.053237922669966346,5.32,Moderate Risk
0,0.14334319827514008,14.33,High Risk
0,0.4433189858476218,44.33,Very High Risk
0,0.7329637849024333,73.3,Very High Risk
0,0.9400335513635266,94.0,Very High Risk
0,0.020103183493192525,2.01,Low Risk
0,0.06709584157617891,6.71,Moderate Risk
0,0.03384666224925521,3.38,Low Risk
0,0.2813057350843033,28.13,Very High Risk
0,0.5573375258490699,55.73,Very High Risk
0,0.07446231828070186,7.45,Moderate Risk
0,0.485462568723615,48.55,Very High Risk
1,0.1135328100398047,11.35,High Risk
0,0.5481230990192995,54.81,Very High Risk
0,0.022554731522864607,2.26,Low Risk
0,0.059785286320097775,5.98,Moderate Risk
0,0.42901345971903093,42.9,Very High Risk
0,0.013885015348953375,1.39,Low Risk
0,0.5405101822475751,54.05,Very High Risk
0,0.08018804578737816,8.02,Moderate Risk
0,0.30347334906736645,30.35,Very High Risk
0,0.01826359954984594,1.83,Low Risk
0,0.026578190475154785,2.66,Low Risk
0,0.2921491803777237,29.21,Very High Risk
0,0.05938646372824953,5.94,Moderate Risk
0,0.08951497853211186,8.95,Moderate Risk
0,0.008589479294624025,0.86,Low Risk
0,0.18513562219055107,18.51,High Risk
0,0.2104874060879973,21.05,High Risk
0,0.14038633003478893,14.04,High Risk
0,0.18029413904443045,18.03,High Risk
0,0.152588258046592,15.26,High Risk
0,0.7327361399439846,73.27,Very High Risk
0,0.16452871955520268,16.45,High Risk
0,0.003904660015817832,0.39,Low Risk
0,0.09553955693128796,9.55,High Risk
0,0.02056117104967985,2.06,Low Risk
0,0.19908765539882556,19.91,High Risk
0,0.06012173152158104,6.01,Moderate Risk
0,0.10872474115920214,10.87,High Risk
0,0.17235473191857167,17.24,High Risk
0,0.10829858433857012,10.83,High Risk
0,0.1609458964300307,16.09,High Risk
0,0.4849756134827413,48.5,Very High Risk
0,0.06074466899965833,6.07,Moderate Risk
0,0.587185302969038,58.72,Very High Risk
0,0.005616246142528113,0.56,Low Risk
0,0.32286258915907035,32.29,Very High Risk
0,0.22806804871663294,22.81,High Risk
0,0.01983834250415943,1.98,Low Risk
0,0.019789227509742036,1.98,Low Risk
